Family,Intrafamilial_taxa,Genus,Species,Authority,Medullary_bundles,Source
Achatocarpaceae,n/a,Achatocarpus ,praecox ,Griseb.,Absent,This study 
Achatocarpaceae,n/a,Phaulothamnus,spinescens,A.Gray,Absent,"Horak, 1980"
Agdestidaceae,n/a,Agdestis,clematidea,Moc. & Sessé ex DC.,Absent,This study 
Aizoaceae,Aizooideae,Aizoon,canariensis,L.,Absent,This study 
Aizoaceae,Aizooideae,Aizoon ,africanum ,(L.) Klak,Absent,Melo-de-Pinna et al. (2014)
Aizoaceae,Aizooideae,Tetragonia ,fruticosa,L.,Absent,Melo-de-Pinna et al. (2014)
Aizoaceae,Aizooideae,Tetragonia,sp. ,,Absent,This study 
Aizoaceae,Aizooideae,Tetragonia,tetragonioides,(Pall.) Kuntze,Absent,Timonin (2011)
Aizoaceae,Mesembryanthemoideae,Mesembryanthemum,cordifolium,L.f.,Absent,Melo-de-Pinna et al. (2014)
Aizoaceae,Mesembryanthemoideae,Mesembryanthemum,hypertrophicum,Dinter,Absent,Melo-de-Pinna et al. (2014)
Aizoaceae,Mesembryanthemoideae,Mesembryanthemum,junceum,Haw.,Absent,Melo-de-Pinna et al. (2014)
Aizoaceae,Mesembryanthemoideae,Mesembryanthemum,splendens,L.,Absent,Melo-de-Pinna et al. (2014)
Aizoaceae,Mesembryanthemoideae,Mesembryanthemum,tetragonum,Thunb.,Absent,Melo-de-Pinna et al. (2014)
Aizoaceae,Mesembryanthemoideae,Mesembryanthemum,tortuosum,L.,Absent,Melo-de-Pinna et al. (2014)
Aizoaceae,Mesembryanthemoideae,Mesembryanthemum,vaginatum,Lam.,Absent,Melo-de-Pinna et al. (2014)
Aizoaceae,Ruschioideae,Antimima,pumila,(Fedde & Schust.) H.E.K.Hartmann,Absent,Melo-de-Pinna et al. (2014)
Aizoaceae,Ruschioideae,Argyroderma,delaetii,C.A.Maass,Absent,Melo-de-Pinna et al. (2014)
Aizoaceae,Ruschioideae,Cephalophyllum,loreum,(L.) Schwantes,Absent,Melo-de-Pinna et al. (2014)
Aizoaceae,Ruschioideae,Cheiridopsis,peculiaris,N.E.Br.,Absent,Melo-de-Pinna et al. (2014)
Aizoaceae,Ruschioideae,Cleretum,lyratifolium,Ihlenf. & Struck,Absent,Ogura et al. (2018)
Aizoaceae,Ruschioideae,Conicosia,pugioniformis,(L.) N.E.Br. ,Absent,Melo-de-Pinna et al. (2014)
Aizoaceae,Ruschioideae,Conophytum,uviforme,(Haw.) N.E. Br.,Absent,Melo-de-Pinna et al. (2014)
Aizoaceae,Ruschioideae,Cylindrophyllum,comptonii,L.Bolus,Absent,Melo-de-Pinna et al. (2014)
Aizoaceae,Ruschioideae,Delosperma ,herbeum,(N.E.Br.) N.E.Br.,Absent,Melo-de-Pinna et al. (2014)
Aizoaceae,Ruschioideae,Delosperma ,napiforme,Schwantes,Absent,Ogura et al. (2018)
Aizoaceae,Ruschioideae,Delosperma,tradescantioides,(A.Berger) L.Bolus,Absent,Ogura et al. (2018)
Aizoaceae,Ruschioideae,Didymaotus,lapidiformis,(Marloth) N.E.Br.,Absent,Melo-de-Pinna et al. (2014)
Aizoaceae,Ruschioideae,Drosanthemum,parvifolium,Schwantes,Absent,Melo-de-Pinna et al. (2014)
Aizoaceae,Ruschioideae,Fenestraria,rhopalophylla,(Schltr. & Diels) N.E.Br.,Absent,Melo-de-Pinna et al. (2014)
Aizoaceae,Ruschioideae,Gibbaeum,hortenseae,(N.E. Br.) Thiede & Klak,Absent,Melo-de-Pinna et al. (2014)
Aizoaceae,Ruschioideae,Gibbaeum,petrense,(N.E.Br.) Tischer,Absent,Ogura et al. (2018)
Aizoaceae,Ruschioideae,Gibbaeum,velutinum,(L.Bolus) Schwantes,Absent,Ogura et al. (2018)
Aizoaceae,Ruschioideae,Glottiphyllum,sp. ,,Absent,Melo-de-Pinna et al. (2014)
Aizoaceae,Ruschioideae,Lampranthus,productus,(Haw.) N.E.Br.,Absent,This study
Aizoaceae,Ruschioideae,Lapidaria,margaretae,(Schwantes) Dinter & Schwantes,Absent,Melo-de-Pinna et al. (2014)
Aizoaceae,Ruschioideae,Lithops,aucampiae ,L.Bolus,Absent,Ogura et al. (2018)
Aizoaceae,Ruschioideae,Lithops,marmorata,N.E.Br.,Absent,Ogura et al. (2018)
Aizoaceae,Ruschioideae,Malephora,lutea,Schwantes,Absent,Melo-de-Pinna et al. (2014)
Aizoaceae,Ruschioideae,Oscularia ,deltoides,deltoides (L.) Schwantes,Absent,Melo-de-Pinna et al. (2014)
Aizoaceae,Ruschioideae,Octopoma,subglobosum,(L.Bolus) L.Bolus,Absent,Melo-de-Pinna et al. (2014)
Aizoaceae,Ruschioideae,Pleiospilos,nelii,Schwantes,Absent,Melo-de-Pinna et al. (2014)
Aizoaceae,Ruschioideae,Rabiea,difformis,(L. Bolus) L. Bolus,Absent,Melo-de-Pinna et al. (2014)
Aizoaceae,Ruschioideae,Ruschia,caroli,Schwantes,Absent,Melo-de-Pinna et al. (2014)
Aizoaceae,Ruschioideae,Ruschia,maxima,L.Bolus,Absent,Melo-de-Pinna et al. (2014)
Aizoaceae,Ruschioideae,Schlechteranthus,hallii,L.Bolus,Absent,Melo-de-Pinna et al. (2014)
Aizoaceae,Ruschioideae,Titanopsis,calcarea,(Marloth) Schwantes,Absent,Melo-de-Pinna et al. (2014)
Aizoaceae,Ruschioideae,Trichodiadema,sp.,,Absent,Melo-de-Pinna et al. (2014)
Aizoaceae,Sesuvioideae,Anisostigma,schenckii,Schinz,Absent,This study 
Aizoaceae,Sesuvioideae,Sesuvium ,portulacastrum,(L.) L.,Absent,This study 
Aizoaceae,Sesuvioideae,Sesuvium ,sesuvioides,(Fenzl) Verdc.,Absent,This study 
Aizoaceae,Sesuvioideae,Sesuvium ,revolutifolium ,Ortega,Absent,Elbar (2015)
Aizoaceae,Sesuvioideae,Trianthema ,decandra ,L.,Absent,Jain et al. (2010)
Amaranthaceae s.str.,Corispermoideae,Acroglochin ,persicarioides ,(Poir.) Moq.,Absent,Wilson (1924)
Amaranthaceae s.str.,Achyranthoids clade,Achyranthes,aspera,L.,Present,Joshi (1934); Raj & Nagar (1980); Bhambie & Sharma (1985)
Amaranthaceae s.str.,Gomphrenoideae,Alternanthera ,bettzickiana,(Regel) G.Nicholson,Absent,Timonin (2011)
Amaranthaceae s.str.,Gomphrenoideae,Alternanthera ,brasiliana,(L.) Kuntze,Present,This study; Duarte & Debur (2004)
Amaranthaceae s.str.,Gomphrenoideae,Alternanthera ,ficoidea,(L.) P.Beauv.,Absent,Shrivastava (1958)
Amaranthaceae s.str.,Gomphrenoideae,Alternanthera ,flavescens,Kunth,Absent,This study
Amaranthaceae s.str.,Gomphrenoideae,Alternanthera ,philoxeroides,(Mart.) Griseb.,Absent,Yang et al. (2019)
Amaranthaceae s.str.,Gomphrenoideae,Alternanthera ,pungens,(L.) Link,Absent,This study 
Amaranthaceae s.str.,Gomphrenoideae,Alternanthera  ,sessilis,R. Br.,Present,Joshi (1931); Timonin (2011)
Amaranthaceae s.str.,Gomphrenoideae,Alternanthera ,sp.,,Absent,This study 
Amaranthaceae s.str.,Aervoids clade,Ouret ,coriacea,(Schinz) T.Hammer,Absent,This study
Amaranthaceae s.str.,Aervoids clade,Ouret,sanguinolenta ,(L.) Kuntze,Absent,Metcalfe & Chalk (1950)
Amaranthaceae s.str.,Amaranthoids clade,Amaranthus,acutilobus,Uline & W.L.Bray,Present,De Bary (1884)
Amaranthaceae s.str.,Amaranthoids clade,Amaranthus,albus,L.,Present,Costea & DeMason (2001)
Amaranthaceae s.str.,Amaranthoids clade,Amaranthus,blitoides,S.Watson,Present,Costea & DeMason (2001)
Amaranthaceae s.str.,Amaranthoids clade,Amaranthus,blitum,L.,Present,Metcalfe & Chalk (1950); Costea & DeMason (2001)
Amaranthaceae s.str.,Amaranthoids clade,Amaranthus,caudatus,L.,Present,De Bary (1884); Bhambie and Sharma (1985); Costea & DeMason (2001)
Amaranthaceae s.str.,Amaranthoids clade,Amaranthus,cruentus,L.,Present,Costea & DeMason (2001); Timonin (2011)
Amaranthaceae s.str.,Amaranthoids clade,Amaranthus,deflexus,L.,Present,El-Ghamery et al. (2017)
Amaranthaceae s.str.,Amaranthoids clade,Amaranthus,hybridus,L.,Present,Costea & DeMason (2001)
Amaranthaceae s.str.,Amaranthoids clade,Amaranthus,graecizans,L.,Present,Costea & DeMason (2001)
Amaranthaceae s.str.,Amaranthoids clade,Amaranthus,hypochondriacus,L.,Present,Costea & DeMason (2001)
Amaranthaceae s.str.,Amaranthoids clade,Amaranthus,powellii,S.Watson,Present,Costea & DeMason (2001); El-Ghamery et al. (2017); Doležal et al. (2018)
Amaranthaceae s.str.,Amaranthoids clade,Amaranthus,retroflexus,L.,Present,De Bary (1884); Timonin (2011)
Amaranthaceae s.str.,Amaranthoids clade,Amaranthus,spinosus,L.,Present,Baral (2013); Ozimede et al. (2019)
Amaranthaceae s.str.,Amaranthoids clade,Amaranthus,viridis,L.,Present,Ozimede et al. (2019)
Amaranthaceae s.str.,Achyranthoids clade,Arthraerua ,leubnitziae ,(Kuntze) Schinz,Absent,Timonin (2011)
Amaranthaceae s.str.,Bosea clade,Bosea,cypria,Boiss. ex Hook. f.,Absent,Crivellaro & Schweingruber 2013
Amaranthaceae s.str.,Bosea clade,Bosea,yervamora,L.,Absent,This study; Metcalfe & Chalk (1950)
Amaranthaceae s.str.,Celosieae,Celosia ,argentea,L.,Absent,Myśkow et al. (2019)
Amaranthaceae s.str.,Celosieae,Celosia ,cristata,L.,Absent,Wilson (1924); Metcalfe & Chalk (1950)
Amaranthaceae s.str.,Amaranthoids clade,Chamissoa,altissima,Kunth,Present,This study 
Amaranthaceae s.str.,Charpentiera clade,Charpentiera,obovata,Gaudich.,Absent,This study 
Amaranthaceae s.str.,Achyranthoids clade,Cyathula ,capitata,Moq.,Absent,Timonin (2011)
Amaranthaceae s.str.,Celosieae,Deeringia,amaranthoides,(Lam.) Merr.,Absent,Timonin (2011)
Amaranthaceae s.str.,Celosieae,Hermbstaedtia ,glauca,(J.C.Wendl.) Rchb. ex Steud.,Absent,Timonin (2011)
Amaranthaceae s.str.,Celosieae,Hermbstaedtia ,odorata,(Burch. ex Moq.) T.Cooke,Absent,This study 
Amaranthaceae s.str.,Achyranthoids clade,Nototrichium ,sandwicense ,Hillebr.,Present,Carlquist (2003)
Amaranthaceae s.str.,Celosieae,Pleuropetalum,darwinii,Hook.f.,Absent,Timonin (2011)
Amaranthaceae s.str.,Achyranthoids clade,Pupalia ,lappacea,(L.) Juss.,Absent,Timonin (2011)
Amaranthaceae s.str.,Aervoids clade,Ptilotus,sp.,,Absent,Timonin (2011)
Amaranthaceae s.str.,Achyranthoids clade,Sericorema,sp.,,Absent,Timonin (2011)
Amaranthaceae s.str.,not evaluated,Chionothrix,latifolia,Rendle,Present,This study
Amaranthaceae s.str.,Gomphrenoideae,Gomphrena,albiflora,Moq.,Absent,"Jáuregui et al., (2014)"
Amaranthaceae s.str.,Gomphrenoideae,Gomphrena,arborescens,L.f.,Absent,Antonucci (2010)
Amaranthaceae s.str.,Gomphrenoideae,Gomphrena ,celosioides,Mart.,Absent,Ilodibia et al. (2016)
Amaranthaceae s.str.,Gomphrenoideae,Gomphrena ,globosa,L.,Absent,Wilson (1924)
Amaranthaceae s.str.,Gomphrenoideae,Gomphrena ,muscoides ,Sw.,Absent,This study 
Amaranthaceae s.str.,Gomphrenoideae,Gomphrena,scapigera,Mart.,Absent,Antonucci (2010)
Amaranthaceae s.str.,Gomphrenoideae,Hebanthe ,erianthos,(Poir.) Pedersen,Absent,This study; Wilson (1924); Rajput & Marcati (2013)
Amaranthaceae s.str.,Gomphrenoideae,Hebanthe ,paniculata,Schwantes,Absent,This study 
Amaranthaceae s.str.,Gomphrenoideae,Iresine,cassiniiformis,S.Schauer,Absent,"Zumaya‑Mendoza et al., (2019)"
Amaranthaceae s.str.,Gomphrenoideae,Iresine,diffusa,Humb. & Bonpl. ex Willd.,Absent,"Zumaya‑Mendoza et al., (2019)"
Amaranthaceae s.str.,Gomphrenoideae,Iresine,herbstii,Hook.,Present,Timonin (2011)
Amaranthaceae s.str.,Gomphrenoideae,Iresine,latifolia,(M.Martens & Galeotti) Benth. & Hook.f.,Present,"Zumaya‑Mendoza et al., (2019)"
Amaranthaceae s.str.,Gomphrenoideae,Iresine,rhizomatosa,Standl.,Absent,"Zumaya‑Mendoza et al., (2019)"
Amaranthaceae s.str.,Gomphrenoideae,Iresine,rzedowskii ,"Zumaya, Flores Olv. & Borsch",Absent,"Zumaya‑Mendoza et al., (2019)"
Amaranthaceae s.str.,Gomphrenoideae,Pfaffia,glomerata,(Spreng.) Pedersen,Absent,Fortini et al. (2020); Lacerda et al. (2021)
Amaranthaceae s.str.,Polycnemoideae,Polycnemum ,majus,A.Br.,Absent,This study; Timonin (2011)
Anacampserotaceae,n/a,Anacampseros,albissima,Marloth,Absent,Santos (2015)
Anacampserotaceae,n/a,Anacampseros,filamentosa,Sims,Absent,Santos (2015)
Anacampserotaceae,n/a,Anacampseros,papyraceae,Fenzl,Absent,Santos (2015)
Anacampserotaceae,n/a,Anacampseros,retusa,Poelln.,Absent,Santos (2015)
Anacampserotaceae,n/a,Grahamia,bracteata,Hook.,Absent,Santos (2015)
Anacampserotaceae,n/a,Talinopsis,frutescens,A.Gray,Absent,Santos (2015)
Ancistrocladaceae,n/a,Ancistrocladus,barteri,Scott-Elliot,Absent,Metcalfe (1951)
Asteropeiaceae,n/a,Asteropeia,multiflora,Thouars,Absent,This study
Barbeuiaceae,n/a,Barbeuia ,madagascariensis ,Steud.,Absent,This study
Basellaceae,n/a,Anredera,cordifolia,(Ten.) Steenis,Absent,Hernandes-Lopes et al. (2016)
Basellaceae,n/a,Anredera,tucumanensis,(Lillo & Hauman) Sperling,Absent,Hernandes-Lopes et al. (2016)
Basellaceae,n/a,Basella,alba,L.,Absent,"This study; Adenegan-Alakinde & Mabel (2015); Abubacker et al., (2019)"
Cactaceae,Cactoideae,Acanthocalycium ,rhodotrichum ,(K.Schum.) Schlumpb.,Present,Garcia et al. (2012)
Cactaceae,Cactoideae,Acanthocereus ,cuixmalensis,(Sánchez-Mej.) Lodé,Present,Mauseth et al. (1998)
Cactaceae,Cactoideae,Acanthocereus ,hirschtianus,(K.Schum.) Lodé,Absent,Mauseth et al. (1998)
Cactaceae,Cactoideae,Acanthocereus ,maculatus,(Weing.) F.M.Knuth,Absent,Mauseth et al. (1998)
Cactaceae,Cactoideae,Acanthocereus ,oaxacensis ,(Britton & Rose) Lodé,Absent,Mauseth et al. (1998)
Cactaceae,Cactoideae,Acanthocereus ,sicariguensis ,Croizat & Tamayo,Present,Mauseth et al. (1998)
Cactaceae,Cactoideae,Achanthocereus,sp.,,Absent,Gibson & Horak (1978)
Cactaceae,Cactoideae,Achanthocereus,tetragonus,(L.) Hummelinck,Present,Mauseth et al. (1998)
Cactaceae,Cactoideae,Aporocactus ,sp.,,Absent,Mauseth (1993)
Cactaceae,Cactoideae,Armatocereus ,brevispinus,Madsen,Present,Mauseth (1996) 
Cactaceae,Cactoideae,Armatocereus ,cartwrightianus ,(Britton & Rose) Backeb. ex A.W. Hill,Present,Mauseth (1996) 
Cactaceae,Cactoideae,Armatocereus ,godingianus,(Britton & Rose) Backeb. ex E.Salisb.,Present,Mauseth (1996) 
Cactaceae,Cactoideae,Armatocereus ,matucanensis ,Backeb. ex A.W.Hill,Present,Mauseth (1996) 
Cactaceae,Cactoideae,Arrojadoa ,bahiensis,(P.J.Braun & Esteves) N.P.Taylor & Eggli,Present,Soffiatti & Angyalossy (2007)
Cactaceae,Cactoideae,Arrojadoa ,dinae ,Buining & Brederoo,Present,Soffiatti & Angyalossy (2007); Lemos et al. (2013)
Cactaceae,Cactoideae,Arrojadoa ,multiflora,F.Ritter,Absent,Lemos et al. (2013)
Cactaceae,Cactoideae,Arrojadoa ,penicillata ,(Gürke) Britton & Rose,Present,Soffiatti & Angyalossy (2007)
Cactaceae,Cactoideae,Arrojadoa ,rodhanta,(Gürke) Britton & Rose,Present,Soffiatti & Angyalossy (2007)
Cactaceae,Cactoideae,Arrojadoa ,sp.,,Present,Mauseth (1993)
Cactaceae,Cactoideae,Astrophytum,sp.,,Absent,Mauseth (1993)
Cactaceae,Cactoideae,Bergerocactus,emoryi,Britton & Rose,Present,Franco-Estrada et al. (2021)
Cactaceae,Cactoideae,Blossfeldia,liliputana,Werderm.,Absent,Mauseth (2006)
Cactaceae,Cactoideae,Borzicactus ,sp.,,Present,Mauseth (1993)
Cactaceae,Cactoideae,Brachycereus ,nesioticus,(K.Schum.) Backeb.,Present,Mauseth (1993)
Cactaceae,Cactoideae,Browningia ,candelaris,(Meyen) Britton & Rose,Present,Mauseth (1996) 
Cactaceae,Cactoideae,Buiningia ,sp.,,Present,Mauseth (1993)
Cactaceae,Cactoideae,Carnegiea,gigantea,Britton & Rose,Present,Franco-Estrada et al. (2021)
Cactaceae,Cactoideae,Cephalocereus,mezcalaensis,Bravo,Present,Loza-Cornejo & Terrazas (2011); Franco-Estrada et al. (2021)
Cactaceae,Cactoideae,Cephalocereus,sp. ,,Present,Gibson & Horak (1978)
Cactaceae,Cactoideae,Cephalocereus,russelianus,(Otto) Rose,Present,Gibson & Horak (1978)
Cactaceae,Cactoideae,Cephalocereus,senilis,(Haw.) K.Schum.,Present,Franco-Estrada et al. (2021)
Cactaceae,Cactoideae,Cephalocereus,tetetzo,Vaupel,Present,Franco-Estrada et al. (2021)
Cactaceae,Cactoideae,Cephalocereus,totolapensis,(Bravo & T.MacDoug.) Buxb.,Present,Gibson & Horak (1978)
Cactaceae,Cactoideae,Cereus ,hexagonus,(L.) Mill.,Present,Mauseth (1996) 
Cactaceae,Cactoideae,Cereus,jamacaru,DC.,Present,Arruda & Melo-de-Pinna (2010)
Cactaceae,Cactoideae,Cereus ,mortensenii,(Croizat) D.R.Hunt & N.P.Taylor,Present,Mauseth (1996)
Cactaceae,Cactoideae,Cereus,phatnospermus,K.Schum.,Present,Mauseth et al. (1998)
Cactaceae,Cactoideae,Cereus,spegazzinii ,F.A.C.Weber,Present,Mauseth et al. (1998)
Cactaceae,Cactoideae,Cipocereus,bradei,(Backeb. & Voll) Zappi & N.P.Taylor,Present,Soffiatti & Angyalossy (2003)
Cactaceae,Cactoideae,Cipocereus,crassisepalus,(Buining & Brederoo) Zappi & N.P.Taylor,Present,Soffiatti & Angyalossy (2003)
Cactaceae,Cactoideae,Cipocereus,laniflorus,N.P.Taylor & Zappi,Present,Soffiatti & Angyalossy (2003)
Cactaceae,Cactoideae,Cipocereus,minensis,(Werderm.) F.Ritter,Present,Soffiatti & Angyalossy (2003)
Cactaceae,Cactoideae,Cipocereus,pusilliflorus ,(F.Ritter) Zappi & N.P.Taylor,Present,Soffiatti & Angyalossy (2003)
Cactaceae,Cactoideae,Cleistocactus,sp.,,Present,Mauseth (1993)
Cactaceae,Cactoideae,Cochemiea,dioica,K.Brandegee,Absent,Gibson & Nobel (1986)
Cactaceae,Cactoideae,Cochemiea,schumannii,(Hildm.) P.B.Breslin & Majure,Absent,Boke (1956)
Cactaceae,Cactoideae,Coleocephalocereus,sp.,,Present,Mauseth (1993)
Cactaceae,Cactoideae,Copiapoa,cinerea,(Phil.) Britton & Rose,Absent,Mauseth (1993)
Cactaceae,Cactoideae,Copiapoa,sp.,,Absent,Mauseth (1993)
Cactaceae,Cactoideae,Coryphantha,echinus,(Engelm.) Orcutt,Absent,Powell & Weedin (2004)
Cactaceae,Cactoideae,Coryphantha,macromeris,(Engelm.) Britton & Rose,Absent,Powell & Weedin (2004)
Cactaceae,Cactoideae,Coryphantha,ramillosa,Cutak,Present,Powell & Weedin (2004)
Cactaceae,Cactoideae,Coryphantha,robustispina subsp. scheeri ,(Lem.) N.P.Taylor,Present,Powell & Weedin (2004)
Cactaceae,Cactoideae,Deamia,chontalensis,(Alexander) Doweld,Absent,Franco-Estrada et al. (2021)
Cactaceae,Cactoideae,Deamia,testudo,(Karw.) Britton & Rose,Absent,Franco-Estrada et al. (2021)
Cactaceae,Cactoideae,Deamia,montalvoae,"Cerén, J.Menjívar & S.Arias",Absent,Franco-Estrada et al. (2021)
Cactaceae,Cactoideae,Discocactus,pseudoinsignis,N.P.Taylor & Zappi,Present,Arruda & Melo-de-Pinna (2010)
Cactaceae,Cactoideae,Echinocactus,sp. ,,Present,Metcalfe & Chalk (1957)
Cactaceae,Cactoideae,Echinocactus,horizonthalonius,Lem.,Present,Mauseth (1993)
Cactaceae,Cactoideae,Echinocereus ,berlandieri,(Engelm.) Haage,Absent,Mauseth et al. (1998)
Cactaceae,Cactoideae,Echinocereus ,cinerascens ,(DC.) Haage,Absent,Mauseth et al. (1998)
Cactaceae,Cactoideae,Echinocereus ,longisetus subsp. delaetii ,(Gürke) N.P.Taylor,Absent,Mauseth et al. (1998)
Cactaceae,Cactoideae,Echinocereus ,pectinatus,(Scheidw.) Engelm.,Absent,Mauseth et al. (1998)
Cactaceae,Cactoideae,Echinocereus ,pentalophus,(DC.) Lem.,Absent,Mauseth et al. (1998); Franco-Estrada et al. (2021)
Cactaceae,Cactoideae,Echinocereus ,poselgeri ,Lem.,Absent,Loza-Cornejo & Terrazas (1996)
Cactaceae,Cactoideae,Echinocereus ,reichenbachii,(Terscheck) Haage,Present,Boke (1951)
Cactaceae,Cactoideae,Echinocereus ,triglochidiatus ,Engelm.,Present,Mauseth (1993)
Cactaceae,Cactoideae,Echinopsis,calochlora,K.Schum.,Present,Garcia et al. (2012)
Cactaceae,Cactoideae,Echinopsis,candicans,(Gillies ex Salm-Dyck) D.R.Hunt,Present,Metcalfe & Chalk (1957)
Cactaceae,Cactoideae,Echinopsis,sp.,,Present,Metcalfe & Chalk (1957)
Cactaceae,Cactoideae,Epiphyllum ,phyllanthus, (L.) Haworth.,Absent,Lemos & Melo-de-Pinna (2011)
Cactaceae,Cactoideae,Epiphyllum ,sp.,,Absent,Mauseth (1993)
Cactaceae,Cactoideae,Epithelantha ,bokei,L.D.Benson,Absent,Mauseth (2006)
Cactaceae,Cactoideae,Epithelantha ,micromeris ,(Engelm.) F.A.C.Weber ex Britton & Rose,Absent,Mauseth (1993)
Cactaceae,Cactoideae,Eriosyce,coimasensis,F.Ritter,Present,Mauseth (1993)
Cactaceae,Cactoideae,Eriosyce,subgibbosa,(Haw.) Britton & Rose,Present,Mauseth (1993)
Cactaceae,Cactoideae,Escobaria,vivipara,(Nutt.) Buxb.,Present,Powell & Weedin (2004)
Cactaceae,Cactoideae,Escobaria,sneedii,(Britton & Rose) A.Berger,Absent,Powell & Weedin (2004)
Cactaceae,Cactoideae,Escontria,chiotilla,(F.A.C. Weber ex K.Schum.) Rose,Present,Loza-Cornejo & Terrazas (2011)
Cactaceae,Cactoideae,Espostoa,lanata,(Kunth) Britton & Rose,Present,Mauseth (1999)
Cactaceae,Cactoideae,Espostoa,melanostele,(Vaupel) Borg,Present,Mauseth (1999)
Cactaceae,Cactoideae,Espostoa,mirabilis,F.Ritter,Present,Mauseth (1999)
Cactaceae,Cactoideae,Espostoa,senilis,(F.Ritter) N.P.Taylor,Present,Mauseth (1999)
Cactaceae,Cactoideae,Espostoa,sp.,,Present,Mauseth (1993)
Cactaceae,Cactoideae,Ferocactus,robustus,(Karw. ex Pfeiff.) Britton & Rose,Absent,Gibson & Horak (1978)
Cactaceae,Cactoideae,Ferocactus,sp. ,,Absent,Gibson & Nobel (1986)
Cactaceae,Cactoideae,Frailea,sp.,,Absent,Mauseth (1993)
Cactaceae,Cactoideae,Gymnocalycium ,bicolor,Schütz,Present,Mauseth (1993)
Cactaceae,Cactoideae,Gymnocalycium,sp.,,Present,Mauseth (1993)
Cactaceae,Cactoideae,Harrisia ,adscendens,(Gürke) Britton & Rose,Present,Mauseth et al. (1998); Arruda et al. (2005)
Cactaceae,Cactoideae,Harrisia ,bonplandii,(J.Parm. ex Pfeiff.) Britton & Rose,Present,Mauseth et al. (1998)
Cactaceae,Cactoideae,Harrisia ,divaricata,(Lam.) Backeb.,Present,Mauseth et al. (1998)
Cactaceae,Cactoideae,Harrisia ,pomanensis,(F.A.C.Weber ex K.Schum.) Britton & Rose,Present,Mauseth et al. (1998)
Cactaceae,Cactoideae,Harrisia ,tetrachanta,(Labour.) D.R.Hunt,Present,Mauseth et al. (1998)
Cactaceae,Cactoideae,Hatiora ,salicornioides,(Haw.) Britton & Rose,Absent,Lemos & Melo-de-Pinna (2011); Melo-de-Pinna (2009)
Cactaceae,Cactoideae,Hatiora,sp.,,Absent,Mauseth (1993)
Cactaceae,Cactoideae,Hylocereus,ocamponis,(Salm-Dyck) Britton & Rose,Absent,"Aguilar et al., 2009"
Cactaceae,Cactoideae,Hylocereus,purpusii,(Weing.) Britton & Rose,Absent,"Aguilar et al., 2009"
Cactaceae,Cactoideae,Hylocereus,undatus,(Haw.) Britton & Rose,Absent,"Aguilar et al., 2009"
Cactaceae,Cactoideae,Hylocereus,venezuelensis,Britton & Rose,Absent,Mauseth (1993)
Cactaceae,Cactoideae,Jasminocereus ,thouarsii,(F.A.C.Weber) Backeb.,Present,Mauseth (1996) 
Cactaceae,Cactoideae,Kadenicarpus,horripilus,(Lem.) Vázquez-Sánchez,Absent,Rosa-Tilapa et al. (2019)
Cactaceae,Cactoideae,Kadenicarpus,pseudomacrochele,(Backeb.) Doweld,Absent,Rosa-Tilapa et al. (2019)
Cactaceae,Cactoideae,Lemaireocereus,lepidanthus,(Eichlam) S.Arias & Terrazas,Present,Franco-Estrada et al. (2021)
Cactaceae,Cactoideae,Lemaireocereus,hollianus,(F.A.C.Weber ex J.M.Coult.) Britton & Rose,Present,Franco-Estrada et al. (2021)
Cactaceae,Cactoideae,Leptocereus,nudiflorus,(Engelm. ex C.Wright) D.Barrios & S.Arias,Present ,Mauseth et al. (1998)
Cactaceae,Cactoideae,Leptocereus,paniculata,(Lam.) D.R.Hunt,Present,Mauseth et al. (1998)
Cactaceae,Cactoideae,Leptocereus,quadricostatus,(Bello) Britton & Rose,Present,Gibson & Horak (1978); Mauseth & Ross (1988); Mauseth et al. (1998)
Cactaceae,Cactoideae,Leptocereus,weingartianus ,(E.Hartmann) Britton & Rose,Present,Mauseth et al. (1998)
Cactaceae,Cactoideae,Leuchtenbergia,sp.,,Absent,Mauseth (1993)
Cactaceae,Cactoideae,Leucostele,chiloensis,(Colla) Schlumpb.,Present,Mauseth (1993)
Cactaceae,Cactoideae,Lophocereus,gatesii,M.E.Jones,Present,Franco-Estrada et al. (2021)
Cactaceae,Cactoideae,Lophocereus,marginatus,(DC.) S.Arias & Terrazas,Present,Franco-Estrada et al. (2021)
Cactaceae,Cactoideae,Lophocereus,schottii,(Engelm.) Britton & Rose,Present,Franco-Estrada et al. (2021)
Cactaceae,Cactoideae,Lophocereus,sp.,,Present,Gibson & Horak (1978)
Cactaceae,Cactoideae,Mammillaria,columbiana,Salm-Dyck,Absent,Mauseth (1993)
Cactaceae,Cactoideae,Mammillaria,compressa,DC.,Present,De Bary (1884)
Cactaceae,Cactoideae,Mammillaria,glochidiata,Mart.,Absent,De Bary (1884)
Cactaceae,Cactoideae,Mammillaria ,mammillaris ,(L.) H.Karst.,Absent,Metcalfe & Chalk (1957); Mauseth (1993)
Cactaceae,Cactoideae,Mammillaria ,prolifera,(Mill.) Haw.,Absent,De Bary (1884)
Cactaceae,Cactoideae,Mammillaria ,sp.,,Present,De Bary (1884)
Cactaceae,Cactoideae,Mammillaria ,sp.,,Present,Metcalfe & Chalk (1957); Mauseth (1993)
Cactaceae,Cactoideae,Mammillaria ,sp.,,Absent,Mauseth (1993)
Cactaceae,Cactoideae,Mammillaria ,sp.,,Absent,Mauseth (1993)
Cactaceae,Cactoideae,Mammillaria ,sp.,,Absent,Mauseth (1993)
Cactaceae,Cactoideae,Mammillaria ,sp.,,Absent,Mauseth (1993)
Cactaceae,Cactoideae,Mammillaria ,sp.,,Absent,Mauseth (1993)
Cactaceae,Cactoideae,Marshallocereus,aragonii,(F.A.C.Weber) Backeb.,Present,Franco-Estrada et al. (2021)
Cactaceae,Cactoideae,Melocactus,bahiensis,(Britton & Rose) Leutzelb.,Present,Arruda & Melo-de-Pinna (2010)
Cactaceae,Cactoideae,Melocactus,x horridus,Werderm.,Present,Arruda et al. (2005)
Cactaceae,Cactoideae,Melocactus,intortus,(Mill.) Urb.,Present,Mauseth (1989)
Cactaceae,Cactoideae,Melocactus,pruinosus,Werderm.,Present,Yoshikawa et al. (2004)
Cactaceae,Cactoideae,Melocactus,zehtneri,(Britton & Rose) Luetzelb.,Present,Arruda et al. (2005)
Cactaceae,Cactoideae,Micranthocereus,auriazureus,Buining & Brederoo,Present,Arruda & Melo-de-Pinna (2010)
Cactaceae,Cactoideae,Mitrocereus,sp.,,Present,Gibson & Horak (1978)
Cactaceae,Cactoideae,Myrtillocactus,"geometrizans
",(Mart. ex Pfeiff.),Present,Loza-Cornejo & Terrazas (2011)
Cactaceae,Cactoideae,Myrtillocactus,schenckii,Britton & Rose,Present,Franco-Estrada et al. (2021)
Cactaceae,Cactoideae,Myrtillocactus,sp.,,Present,Mauseth (1993)
Cactaceae,Cactoideae,Nyctocereus,serpentinus,(Lag. & Rodr.) Britton & Rose,Absent,Franco-Estrada et al. (2021)
Cactaceae,Cactoideae,Nyctocereus,sp.,,Present,Mauseth (1993)
Cactaceae,Cactoideae,Obregonia,denegrii,Frič,Absent,Mauseth (1993)
Cactaceae,Cactoideae,Oreocereus,sp.,,Present,Mauseth (1993)
Cactaceae,Cactoideae,Oroya,sp.,,Present,Mauseth (1993)
Cactaceae,Cactoideae,Peniocereus,sp.,,Present,Mauseth (1993)
Cactaceae,Cactoideae,Pachycereus,gaumeri,Britton & Rose,Present,Franco-Estrada et al. (2021)
Cactaceae,Cactoideae,Pachycereus,grandis,Rose,Present,Loza-Cornejo & Terrazas (2011); Franco-Estrada et al. (2021)
Cactaceae,Cactoideae,Pachycereus,pecten-aboriginum,Britton & Rose,Present,Franco-Estrada et al. (2021)
Cactaceae,Cactoideae,Pachycereus,pringlei,Britton & Rose,Present,Franco-Estrada et al. (2021)
Cactaceae,Cactoideae,Pachycereus,sp. ,,Present,Gibson & Horak (1978)
Cactaceae,Cactoideae,Pachycereus,tepamo,Gama-López,Present,Franco-Estrada et al. (2021)
Cactaceae,Cactoideae,Pachycereus,weberi,(J.M.Coult.) Backeb.,Present,Franco-Estrada et al. (2021)
Cactaceae,Cactoideae,Parodia,sp.,,Absent,Mauseth (1993)
Cactaceae,Cactoideae,Pelecyphora ,aselliformis,C.Ehrenb.,Absent,Boke (1959)
Cactaceae,Cactoideae,Pelecyphora ,strobiliformis,(Werderm.) Fric & Schelle ex Kreuz.,Absent,Boke (1959)
Cactaceae,Cactoideae,Peniocereus,greggii,(Engelm.) Britton & Rose,Present,Mauseth et al. (1998); Franco-Estrada et al. (2021)
Cactaceae,Cactoideae,Peniocereus,johnstonii,Britton & Rose,Absent,Franco-Estrada et al. (2021)
Cactaceae,Cactoideae,Peniocereus,lazaro-cardenasii,(Contreras & al.) D.R. Hunt,Absent,Herrera-Cárdenas et al. (2000); Franco-Estrada et al. (2021)
Cactaceae,Cactoideae,Peniocereus,marianus,(Gentry) Sánchez-Mej.,Absent,Franco-Estrada et al. (2021)
Cactaceae,Cactoideae,Peniocereus,sp.,,Absent,Gibson & Horak (1978)
Cactaceae,Cactoideae,Peniocereus,striatus,(Brandegee) Buxb.,Absent,Herrera-Cárdenas et al. (2000); Franco-Estrada et al. (2021)
Cactaceae,Cactoideae,Peniocereus,viperinus,(F.A.C.Weber) Buxb.,Absent,Franco-Estrada et al. (2021)
Cactaceae,Cactoideae,Peniocereus,zopilotensis,(J.Meyrán) Buxb.,Absent,Herrera-Cárdenas et al. (2000); Franco-Estrada et al. (2021)
Cactaceae,Cactoideae,Pilosocereus,aurisetus,(Werderm.) Byles & G.D.Rowley,Present,Godofredo & Melo-de-Pinna (2008)
Cactaceae,Cactoideae,Pilosocereus ,fulvilanatus,Buining & Brederoo,Present,Arruda & Melo-de-Pinna (2010)
Cactaceae,Cactoideae,Pilosocereus ,lanuginosus ,(L.) Byles & G.D.Rowley,Present,Mauseth (1996)
Cactaceae,Cactoideae,Pilosocereus ,moritzianus ,(Otto) Byles & G.D.Rowley,Present,Mauseth (1996)
Cactaceae,Cactoideae,Pilosocereus ,tillianus ,Gruber & Schatzl,Present,Mauseth (1996)
Cactaceae,Cactoideae,Polaskia,chende,(Rol.-Goss.) A.C.Gibson & K.E.Horak,Present,Gibson (1978)
Cactaceae,Cactoideae,Polaskia,chichipe,(Rol.-Goss.) Backeb.,Present,Franco-Estrada et al. (2021)
Cactaceae,Cactoideae,Polaskia,sp.,,Present,Gibson & Horak (1978)
Cactaceae,Cactoideae,Praecereus ,euchlorus subsp. diffusus, (Britton & Rose) N.P.Taylor,Present,Mauseth (1996); Mauseth et al. (1998)
Cactaceae,Cactoideae,Praecereus ,euchlorus subsp. smithianus,(Britton & Rose) N.P.Taylor,Present,Mauseth (1996); Mauseth et al. (1998)
Cactaceae,Cactoideae,Praecereus ,saxicola,(Morong) N.P.Taylor,Present,Mauseth et al. (1998)
Cactaceae,Cactoideae,Pseudoacanthocereus ,sicariguensis ,(Croizat & Tamayo) N.P.Taylor,Present,Mauseth et al. (1998)
Cactaceae,Cactoideae,Pseudorhipsalis ,ramulosa ,(Salm-Dyck) ,Absent,Martínez-Quezada et al. (2020)
Cactaceae,Cactoideae,Pterocereus,sp.,,Present,Gibson & Horak (1978)
Cactaceae,Cactoideae,Rapicactus,beguinii,(N.P.Taylor) Lüthy,Present,Rosa-Tilapa et al. (2019)
Cactaceae,Cactoideae,Rapicactus,mandragora,(Frič ex A.Berger) Buxb. & Oehme,Absent,Rosa-Tilapa et al. (2019)
Cactaceae,Cactoideae,Rapicactus,subterraneus,(Backeb.) Buxb. & Oehme,Absent,Rosa-Tilapa et al. (2019)
Cactaceae,Cactoideae,Rapicactus,subterraneus subsp. booleanus ,(G.S.Hinton) Lüthy,Absent,Rosa-Tilapa et al. (2019)
Cactaceae,Cactoideae,Rapicactus,zaragosae,(Glass & R.A.Foster) D.Donati,Absent,Rosa-Tilapa et al. (2019)
Cactaceae,Cactoideae,Rebutia,mentosa,(F.Ritter) Donald,Present,Mauseth et al. (1995)
Cactaceae,Cactoideae,Rebutia,sp.,,Present,Mauseth (1993)
Cactaceae,Cactoideae,Rhipsalis,elliptica,G.Lindb. ex K.Schum.,Absent,Melo-de-Pinna et al. (2007); Lemos & Melo-de-Pinna (2011)
Cactaceae,Cactoideae,Rhipsalis,floccosa,Salm-Dyck ,Absent,Lemos & Melo-de-Pinna (2011); Melo-de-Pinna (2009)
Cactaceae,Cactoideae,Rhipsalis,sp.,,Absent,Mauseth (1993)
Cactaceae,Cactoideae,Sclerocactus,papyracanthus ,(Engelm.) N.P.Taylor,Absent,Boke (1957)
Cactaceae,Cactoideae,Selenicereus ,inermis,(Otto) Britton & Rose,Present,Mauseth (1993)
Cactaceae,Cactoideae,Selenicereus ,chontalensis,Alexander,Absent,Gibson & Horak (1978)
Cactaceae,Cactoideae,Selenicereus ,ocamponis,(Salm-Dyck) D.R.Hunt,Absent,"Aguilar et al., 2009"
Cactaceae,Cactoideae,Selenicereus ,purpusii,(Weing.) S.Arias & N.Korotkova,Absent,"Aguilar et al., 2009"
Cactaceae,Cactoideae,Selenicereus ,setaceus,(Salm-Dyck ex DC.) A.Berger ex Werderm.,Absent,Bastola et al. (2021)
Cactaceae,Cactoideae,Selenicereus ,undatus,(Haw.) D.R.Hunt,Absent,"Aguilar et al., 2009"
Cactaceae,Cactoideae,Selenicereus ,vagans,(K.Brandegee) Britton & Rose,Absent,Martínez-Quezada et al. (2020)
Cactaceae,Cactoideae,Stenocereus,alamosensis, (J.M.Coult.) A.C.Gibson & K.E.Horak,Present,Terrazas & Loza-Cornejo (2002)
Cactaceae,Cactoideae,Stenocereus,kerberi,(K.Schum.) A.C.Gibson & K.E.Horak,Present,Terrazas & Loza-Cornejo (2002)
Cactaceae,Cactoideae,Stenocereus,sp.,,Present,Mauseth (1993)
Cactaceae,Cactoideae,Stenocereus,queretaroensis,(F.A.C.Weber ex Mathsson) Buxb.,Present,Loza-Cornejo & Terrazas (2011)
Cactaceae,Cactoideae,Stenocereus,stellatus,(Pfeiff.) Riccob.,Present,Franco-Estrada et al. (2021)
Cactaceae,Cactoideae,Stephanocereus ,leucostele ,(Gürke) A.Berger,Present,Soffiatti & Angyalossy (2007)
Cactaceae,Cactoideae,Stephanocereus ,luetzelburgii ,(Vaupel) N.P. Taylor & Eggli,Present,Soffiatti & Angyalossy (2007)
Cactaceae,Cactoideae,Strombocactus ,disciformis,(DC.) Britton & Rose,Absent,Mauseth (2006)
Cactaceae,Cactoideae,Subpilocereus,ottonis,Backeb.,Present,Mauseth (1996)
Cactaceae,Cactoideae,Subpilocereus,repandus ,(L.) Backeb.,Present,Mauseth (1996)
Cactaceae,Cactoideae,Subpilocereus ,russelianus,(Rümpler) Backeb.,Present,"Mauseth (1993, 1996)"
Cactaceae,Cactoideae,Sulcorebutia,sp.,,Present,Mauseth (1993)
Cactaceae,Cactoideae,Thelocactus_sp,,,Absent,Vázquez-Sánchez et al. (2017)
Cactaceae,Cactoideae,Turbinicarpus,alonsoi,Glass & S.Arias,Absent,Rosa-Tilapa et al. (2019)
Cactaceae,Cactoideae,Turbinicarpus,bonatzii,"	G. Frank",Absent,Rosa-Tilapa et al. (2019)
Cactaceae,Cactoideae,Turbinicarpus,gielsdorfianus,(Werderm.) John & Říha,Absent,Rosa-Tilapa et al. (2019)
Cactaceae,Cactoideae,Turbinicarpus,graminispinus,"Matusz., Myák & Jirue",Absent,Rosa-Tilapa et al. (2019)
Cactaceae,Cactoideae,Turbinicarpus,jauernigii,G.Frank,Absent,Rosa-Tilapa et al. (2019)
Cactaceae,Cactoideae,Turbinicarpus,laui,Glass & R.A.Foster,Absent,Rosa-Tilapa et al. (2019)
Cactaceae,Cactoideae,Turbinicarpus,lophophoroides,(Werderm.) Buxb. & Backeb.,Absent,Rosa-Tilapa et al. (2019)
Cactaceae,Cactoideae,Turbinicarpus,macrochele,(Werderm.) Buxb. & Backeb.,Absent,Rosa-Tilapa et al. (2019)
Cactaceae,Cactoideae,Turbinicarpus,papyrachanthus,(Backeb.) Buxb. & Backeb.,Absent,Boke (1957)
Cactaceae,Cactoideae,Turbinicarpus,rioverdensis,G.Frank,Absent,Rosa-Tilapa et al. (2019)
Cactaceae,Cactoideae,Turbinicarpus,roseiflorus,Backeb.,Absent,Rosa-Tilapa et al. (2019)
Cactaceae,Cactoideae,Turbinicarpus,saueri,(Boed.) V.John & Ríha,Present,Rosa-Tilapa et al. (2019)
Cactaceae,Cactoideae,Turbinicarpus,schmiedickeanus,(Boed.) Buxb. & Backeb.,Absent,Rosa-Tilapa et al. (2019)
Cactaceae,Cactoideae,Turbinicarpus,swobodae,Diers,Absent,Rosa-Tilapa et al. (2019)
Cactaceae,Cactoideae,Turbinicarpus,valdeziana ,(H.Moeller) Glass & R.A.Foster,Absent,Boke (1959); Rosa-Tilapa et al. (2019)
Cactaceae,Cactoideae,Turbinicarpus,viereckii,(Werderm.) V.John & Ríha,Absent,Rosa-Tilapa et al. (2019)
Cactaceae,Cactoideae,Trichocereus,chiloensis,(Colla) Britton & Rose,Present,Mauseth (1993)
Cactaceae,Cactoideae,Uebelmannia,sp.,,Present,Mauseth (1993)
Cactaceae,Cactoideae,Vatricania ,guentheri ,(Kupper) Backeb.,Present,Mauseth (1999)
Cactaceae,Cactoideae,Weingartia,sp.,,Present,Mauseth (1993)
Cactaceae,Leuenbergerioideae,Leuenbergeria ,bleo ,(Kunth) Lodé,Absent,Mauseth & Landrum (1997)
Cactaceae,Leuenbergerioideae,Leuenbergeria ,guamacho ,(F.A.C.Weber) Lodé,Absent,Mauseth & Landrum (1997)
Cactaceae,Leuenbergerioideae,Leuenbergeria ,lychnidiflora,(DC.) Lodé,Absent,Mauseth & Landrum (1997)
Cactaceae,Leuenbergerioideae,Leuenbergeria ,portulacifolia ,(L.) Lodé,Absent,Mauseth & Landrum (1997)
Cactaceae,Leuenbergerioideae,Leuenbergeria ,zinniiflora ,(DC.) Lodé,Absent,Mauseth & Landrum (1997)
Cactaceae,Maihuenioideae,Maihueniopsis,clavarioides,(Otto ex Pfeiff.) E.F.Anderson,Absent,Mauseth (2005)
Cactaceae,Maihuenioideae,Maihueniopsis,darwinii,(Hensl.) F.Ritter,Absent,Mauseth (2005)
Cactaceae,Maihuenioideae,Maihueniopsis,glomerata,(Haw.) R.Kiesling,Absent,Gibson (1976); Mauseth (2005)
Cactaceae,Opuntioideae,Airampoa ,corrugata ,(Salm-Dyck) Doweld,Absent,Mauseth (2005)
Cactaceae,Opuntioideae,Austrocylindropuntia,cylindrica,(Lam.) Backeb.,Absent,Boke (1941)
Cactaceae,Opuntioideae,Austrocylindropuntia,flocosa,(Salm-Dyck) F.Ritter,Absent,Gibson (1976); Mauseth (2005)
Cactaceae,Opuntioideae,Austrocylindropuntia,pachypus,(K.Schum.) Backeb.,Absent,Mauseth (2005)
Cactaceae,Opuntioideae,Austrocylindropuntia,shaferi,(Britton & Rose) Backeb.,Absent,Mauseth (2005)
Cactaceae,Opuntioideae,Austrocylindropuntia,subulata,(Muehlenpf.) Backeb.,Absent,Mauseth (2005)
Cactaceae,Opuntioideae,Austrocylindropuntia,vestita,(Salm-Dyck) Backeb.,Absent,Mauseth (2005)
Cactaceae,Opuntioideae,Brasiliopuntia ,brasiliensis,(Willd.) A.Berger,Absent,Mauseth (2005)
Cactaceae,Opuntioideae,Consolea,moniliformis,(L.) A.Berger,Absent,Mauseth (2005)
Cactaceae,Opuntioideae,Corynopuntia  ,grahamii,(Engelm.) F.M.Knuth,Absent,Mauseth (2005)
Cactaceae,Opuntioideae,Cumulopuntia,boliviana,(Salm-Dyck) F.Ritter,Absent,Mauseth (2005)
Cactaceae,Opuntioideae,Cumulopuntia,sphaerica,(C.F.Först.) E.F.Anderson,Absent,Mauseth (2005)
Cactaceae,Opuntioideae,Cumulopuntia ,subterranea,(R.E.Fr.) F.Ritter,Absent,Mauseth (2005)
Cactaceae,Opuntioideae,Cylindropuntia,arbuscula,(Engelm.) F.M.Knuth,Absent,Gibson (1976)
Cactaceae,Opuntioideae,Cylindropuntia,bigelovii,(Engelm.) F.M.Knuth,Absent,Mauseth (2005); Mylo et al. (2021)
Cactaceae,Opuntioideae,Cylindropuntia,echinocarpa,(Engelm. & J.M.Bigelow) F.M.Knuth,Absent,Mauseth (2005)
Cactaceae,Opuntioideae,Cylindropuntia,fulgida,(Engelm.) F.M.Knuth,Absent,Gibson (1976)
Cactaceae,Opuntioideae,Cylindropuntia,ganderi,(C.B.Wolf) Rebman & Pinkava,Absent,Mauseth (2005)
Cactaceae,Opuntioideae,Cylindropuntia,imbricata,(Haw.) F.M.Knuth,Absent,Mauseth (2005)
Cactaceae,Opuntioideae,Cylindropuntia,kleiniae,(DC.) F.M.Knuth,Absent,Gibson (1976)
Cactaceae,Opuntioideae,Cylindropuntia,leptocaulis,(DC.) F.M.Knuth,Absent,Gibson (1976); Mauseth (2005)
Cactaceae,Opuntioideae,Cylindropuntia,parryi,(Engelm.) F.M.Knuth,Absent,Gibson (1976)
Cactaceae,Opuntioideae,Cylindropuntia,ramosissima,(Engelm.) F.M.Knuth,Absent,Gibson (1976); Mauseth (2005)
Cactaceae,Opuntioideae,Grusonia ,bradtiana,(J.M.Coult.) Britton & Rose,Absent,Mauseth (2005)
Cactaceae,Opuntioideae,Grusonia ,marenae,(S.H.Parsons) E.F.Anderson,Absent,Gibson (1976)
Cactaceae,Opuntioideae,Opuntia,auberi,Pfeiff.,Absent,Gibson (1976); Mauseth (2005)
Cactaceae,Opuntioideae,Opuntia ,basilaris,Engelm. & J.M.Bigelow,Absent,Gibson (1976); Mauseth (2005)
Cactaceae,Opuntioideae,Opuntia ,engelmannii,Salm-Dyck ex Engelm.,Absent,Mauseth (2005)
Cactaceae,Opuntioideae,Opuntia ,ficus-indica,(L.) Mill.,Absent,Mylo et al. (2021)
Cactaceae,Opuntioideae,Opuntia ,karwinskiana,Salm-Dyck,Absent,Mauseth (2005)
Cactaceae,Opuntioideae,Opuntia ,longispina,Pfeiff.,Absent,Mauseth (2005)
Cactaceae,Opuntioideae,Opuntia,microdasys,(Lehm.) Pfeiff.,Absent,Gibson (1976)
Cactaceae,Opuntioideae,Opuntia ,monacantha ,Haw.,Absent,Arruda & Melo-de-Pinna (2010)
Cactaceae,Opuntioideae,Opuntia ,penicilligera,Speg.,Absent,Mauseth (2005)
Cactaceae,Opuntioideae,Opuntia ,phaeacantha,Engelm.,Absent,Gibson (1976); Mauseth (2005)
Cactaceae,Opuntioideae,Opuntia,pumila,Rose,Absent,Gibson (1976)
Cactaceae,Opuntioideae,Opuntia ,quimilo,K.Schum.,Absent,Mauseth (2005)
Cactaceae,Opuntioideae,Opuntia ,rufida,Engelm.,Absent,Mauseth (2005)
Cactaceae,Opuntioideae,Opuntia ,sulphurea,G.Don ex Salm-Dyck,Absent,Mauseth (2005)
Cactaceae,Opuntioideae,Opuntia ,tomentosa,Salm-Dyck,Absent,Gibson (1976); Mauseth (2005)
Cactaceae,Opuntioideae,Pereskiopsis,aquosa,(Web.) Britton & Rose,Absent,Gibson (1976)
Cactaceae,Opuntioideae,Pereskiopsis,diguetii,(F.A.C.Weber) Britton & Rose,Absent,Mauseth (2005)
Cactaceae,Opuntioideae,Pereskiopsis,porteri,(K. Brand.) Britton & Rose,Absent,Gibson (1976)
Cactaceae,Opuntioideae,Pereskiopsis,rotundifolia,(DC.) Britton & Rose,Absent,Mauseth (2005)
Cactaceae,Opuntioideae,Pterocactus,araucanus,Castell.,Absent,Mauseth (2005)
Cactaceae,Opuntioideae,Pterocactus,fischeri,Britton & Rose,Absent,Mauseth (2005)
Cactaceae,Opuntioideae,Pterocactus,tuberosus,(Pfeiff.) Britton & Rose,Absent,Gibson (1976); Mauseth (2005)
Cactaceae,Opuntioideae,Pterocactus,valentini,Speg.,Absent,Mauseth (2005)
Cactaceae,Opuntioideae,Quiabentia,verticillata,(Vaupel) Borg,Absent,Mauseth (2005)
Cactaceae,Opuntioideae,Tacinga ,funalis,Britton & Rose,Absent,Mauseth (2005)
Cactaceae,Opuntioideae,Tacinga ,inamoena ,(K. Schum.) N.P.Taylor & Stuppy,Absent,Arruda et al. (2005)
Cactaceae,Opuntioideae,Tacinga ,palmadora ,(Britton & Rose) N.P.Taylor & Stuppy,Absent,Arruda et al. (2005)
Cactaceae,Opuntioideae,Tephrocactus,aoracanthus,(Lem.) Lem.,Absent,Mauseth (2005)
Cactaceae,Opuntioideae,Tephrocactus,articulatus,(Pfeiff.) Backeb.,Absent,Mauseth (2005)
Cactaceae,Opuntioideae,Tephrocactus,atroviridis,(Werderm. & Backeb.) Backeb.,Absent,Mauseth (2005)
Cactaceae,Opuntioideae,Tephrocactus,bonnieae,(D.J.Ferguson & R.Kiesling) Stuppy,Absent,Mauseth (2005)
Cactaceae,Opuntioideae,Tephrocactus,geometricus,(A.Cast.) Backeb.,Absent,Mauseth (2005)
Cactaceae,Opuntioideae,Tephrocactus,molinensis,(Speg.) Backeb.,Absent,Mauseth (2005)
Cactaceae,Opuntioideae,Tephrocactus,nigrispina,(K.Schum.) Backeb.,Absent,Mauseth (2005)
Cactaceae,Opuntioideae,Tephrocactus,verschaffeltii,(Cels ex F.A.C.Weber) D.R.Hunt & Ritz,Absent,Mauseth (2005)
Cactaceae,Opuntioideae,Tephrocactus,weberi,(Speg.) Backeb.,Absent,Mauseth (2005)
Cactaceae,Leuenbergerioideae,Leuenbergeria ,bleo ,(Kunth) Lodé,Absent,Mauseth & Landrum (1997)
Cactaceae,Leuenbergerioideae,Leuenbergeria ,guamacho ,(F.A.C.Weber) Lodé,Absent,Mauseth & Landrum (1997)
Cactaceae,Leuenbergerioideae,Leuenbergeria ,lychnidiflora,(DC.) Lodé,Absent,Mauseth & Landrum (1997)
Cactaceae,Leuenbergerioideae,Leuenbergeria ,portulacifolia ,(L.) Lodé,Absent,Mauseth & Landrum (1997)
Cactaceae,Leuenbergerioideae,Leuenbergeria ,zinniiflora ,(DC.) Lodé,Absent,Mauseth & Landrum (1997)
Cactaceae,Pereskioideae,Maihuenia ,patagonica ,(Phil.) Speg.,Absent,Gibson (1976); Mauseth (1999)
Cactaceae,Pereskioideae,Pereskia,aculeata,Mill.,Absent,Gibson (1976); Mauseth & Landrum (1997); Duarte & Hayashi (2005)
Cactaceae,Pereskioideae,Pereskia,bahiensis,Gurke,Absent,Arruda & Melo-de-Pinna (2010)
Cactaceae,Pereskioideae,Pereskia,cubensis,Britton & Rose,Absent,Gibson (1976)
Cactaceae,Pereskioideae,Pereskia,diaz-romeroana ,Cárd.,Absent,Gibson (1976); Mauseth & Landrum (1997)
Cactaceae,Pereskioideae,Pereskia,grandifolia,Haw.,Absent,Gibson (1976)
Cactaceae,Pereskioideae,Pereskia,humboldtii,Britton & Rose,Absent,Gibson (1976); Mauseth & Landrum (1997)
Cactaceae,Pereskioideae,Pereskia,nemorosa,(Rojas Acosta) I.Asai & K.Miyata,Absent,Mauseth & Landrum (1997)
Cactaceae,Pereskioideae,Pereskia,pititache,Karw.,Absent,Gibson (1976)
Cactaceae,Pereskioideae,Pereskia,sacharosa,Griseb.,Absent,Gibson (1976); Gibson & Nobel (1986); Mauseth & Landrum (1997)
Cactaceae,Pereskioideae,Pereskia,sp.,,Absent,Mauseth (1993)
Cactaceae,Pereskioideae,Pereskia,weberiana,K.Schum.,Absent,Mauseth & Landrum (1997)
Caryophyllaceae,Alsineae,Cerastium,semidecandrum,L.,Absent,Schweingruber et a. (2011); Mousa & Al-Jibouri (2019)
Caryophyllaceae,Alsineae,Stellaria,alsinoides,Boiss. & Buhse,Absent,Keshavarzi & Bozchaloyi (2014)
Caryophyllaceae,Alsineae,Stellaria,aquatica,L.,Absent,Keshavarzi & Bozchaloyi (2014)
Caryophyllaceae,Alsineae,Stellaria,graminea,L.,Absent,Keshavarzi & Bozchaloyi (2014)
Caryophyllaceae,Alsineae,Stellaria,persica,Boiss.,Absent,Keshavarzi & Bozchaloyi (2014)
Caryophyllaceae,Alsineae,Stellaria,media,(L.) Vill.,Absent,"Keshavarzi & Bozchaloyi (2014); Li et al., 2016"
Caryophyllaceae,Alsineae,Stellaria,pallida,(Dumort.) Crép.,Absent,Keshavarzi & Bozchaloyi (2014)
Caryophyllaceae,Alsineae,Stellaria,webbiana,(Benth. ex G.Don) Edgew. & Hook.f.,Absent,Chandra & Rawat (2016)
Caryophyllaceae,Alsineae,Mesostemma ,kotschyanum,(Fenzl ex Boiss.) Vved.,Absent,Keshavarzi & Bozchaloyi (2014)
Caryophyllaceae,Alsineae,Rabelera ,holostea ,(L.) M.T.Sharples & E.A. Tripp,Absent,Keshavarzi & Bozchaloyi (2014)
Caryophyllaceae,Arenareae,Arenaria,leptoclados,(Rchb.) Guss.,Absent,Mousa & Al-Jibouri (2019)
Caryophyllaceae,Caryophylleae,Acanthophyllum,borsczowii,Litv.,Absent,Mahmoodi Shamsabadi et al. (2013)
Caryophyllaceae,Caryophylleae,Acanthophyllum ,ejtehadii,Mahmoudi & Vaezi,Absent,Maleki Sadabadi et al. (2017)
Caryophyllaceae,Caryophylleae,Acanthophyllum ,sedifolia,(Kurz) Madhani & Zarre,Absent,Doležal et al. (2018)
Caryophyllaceae,Caryophylleae,Acanthophyllum ,sp.,,Absent,Carlquist (2001)
Caryophyllaceae,Caryophylleae,Dianthus ,cyprius ,A.K.Jacks. et Turrill,Absent,Crivellaro & Schweingruber (2013)
Caryophyllaceae,Caryophylleae,Dianthus ,sp.,,Absent,Carlquist (2001)
Caryophyllaceae,Caryophylleae,Gypsophila ,vaccaria,(L.) Sm.,Absent,Schweingruber et al. (2011)
Caryophyllaceae,Caryophylleae,Gypsophila ,osmangaziensis,Ataşlar & Ocak,Absent,Ataşlar & Ocak (2017)
Caryophyllaceae,Caryophylleae,Petrorhagia,nanteuilii,(Burnat) P.W.Ball & Heywood,Absent,Schweingruber et al. (2011)
Caryophyllaceae,Caryophylleae,Saponaria ,kotschyi ,Boiss.,Absent,Ataşlar (2004)
Caryophyllaceae,Caryophylleae,Saponaria ,glutinosa,M.Bieb.,Absent,Çalı and Cansaran (2021)
Caryophyllaceae,Caryophylleae,Saponaria,officinalis,L.,Absent,Schweingruber et al. (2011)
Caryophyllaceae,Caryophylleae,Jordania,confertiflora,(Hub.-Mor.) Rabeler & Madhani,Absent,Altay & Koç (2025)
Caryophyllaceae,Caryophylleae,Jordania,minuartioides ,(Jaub. & Spach) Boiss. & Heldr.,Absent,Altay & Koç (2025)
Caryophyllaceae,Caryophylleae,Jordania,turcica,(Koç & Hamzaoğlu) Rabeler & Madhani,Absent,Altay & Koç (2025)
Caryophyllaceae,Paronychieae,Gymnocarpos ,sclerocephalus,(Decne.) Ahlgren & Thulin,Absent,This study
Caryophyllaceae,Polycarpaeae,Polycarpaea ,gayi ,Webb,Absent,This study
Caryophyllaceae,Polycarpaeae,Polycarpaea ,nivea ,(Aiton) Webb,Absent,This study
Caryophyllaceae,Sagineae,Minuartia,rubra,(Scop.) McNeill,Absent,Schweingruber et al. (2011)
Caryophyllaceae,Sileneae,Silene,alexandrina,Danin,Absent,Crivellaro &  Schweingruber (2015)
Caryophyllaceae,Sileneae,Silene,caespitella,F.N.Williams,Absent,Doležal et al. (2018)
Caryophyllaceae,Sileneae,Silene,dioica,(L.) Clairv.,Absent,Schweingruber et al. (2011)
Caryophyllaceae,Sileneae,Silene,fruticosa,L.,Absent,Crivellaro & Schweingruber (2013)
Caryophyllaceae,Sileneae,Silene,galataea ,Boiss.,Absent,Crivellaro & Schweingruber (2013)
Caryophyllaceae,Spergularieae,Spergula,arvensis,L.,Absent,Timonin (2011)
Caryophyllaceae,Spergularieae,Spergularia,media,(L.) C.Presl.,Absent,Grigore et al. (2014)
Chenopodiaceae s.str.,Achyranthoids clade,Acroglochin ,persicarioides ,(Poir.) Moq.,Absent,Wilson (1924)
Chenopodiaceae s.str.,Betoideae,Beta ,vulgaris,L.,Absent,Krumbiegel (1998); Metcalfe & Chalk (1950)
Chenopodiaceae s.str.,Betoideae,Beta ,trigyna ,Waldst. & Kit.,Absent,Wilson (1924)
Chenopodiaceae s.str.,Camphorosmoideae,Bassia,laniflora,(S.G.Gmel.) A.J.Scott,Absent,Timonin (2011)
Chenopodiaceae s.str.,Camphorosmoideae,Bassia,prostrata,(L.) Beck,Absent,Timonin (2011)
Chenopodiaceae s.str.,Camphorosmoideae,Bassia,scoparia,(L.) A.J.Scott,Absent,Timonin (2011)
Chenopodiaceae s.str.,Camphorosmoideae,Bassia,tomentosa,(Lowe) Maire & Weiller,Absent,Schweingruber et al. (2011)
Chenopodiaceae s.str.,Camphorosmoideae,Camphorosma,annua,Pall.,Absent,Grigore et al. (2014)
Chenopodiaceae s.str.,Camphorosmoideae,Camphorosma ,monspeliaca,L.,Absent,Wilson (1924)
Chenopodiaceae s.str.,Corispermoideae,Corispermum ,aralocaspicum,Iljin,Absent,Timonin (2011)
Chenopodiaceae s.str.,Corispermoideae,Corispermum ,canescens ,Kit. ex Schult.,Absent,Wilson (1924)
Chenopodiaceae s.str.,Corispermoideae,Corispermum ,hyssopifolium,L.,Absent,Timonin (2011)
Chenopodiaceae s.str.,Camphorosmioideae,Grubovia,sedoides ,(Pall.) G.L.Chu,Absent,Grigore et al. (2014)
Chenopodiaceae s.str.,Camphorosmioideae,Spirobassia,hirsuta,(L.) Freitag & G.Kadereit ,Absent,Wilson (1924); Grigore et al. (2014)
Chenopodiaceae s.str.,Chenopodioideae ,Atriplex,schugnanica,Iljin,Absent,Doležal et al. (2018)
Chenopodiaceae s.str.,Chenopodioideae ,Atriplex,dimorphostegia,Kar. & Kir.,Absent,Schweingruber et al. (2011)
Chenopodiaceae s.str.,Chenopodioideae ,Atriplex,glauca,L.,Absent,Grigore et al. (2014)
Chenopodiaceae s.str.,Chenopodioideae ,Atriplex,halimus,L.,Absent,Fahn & Zimmermann (1982); Crivellaro & Schweingruber (2013)
Chenopodiaceae s.str.,Chenopodioideae ,Atriplex,hortensis,L.,Absent,Metcalfe & Chalk (1950); Yarrow & Popham (1981)
Chenopodiaceae s.str.,Chenopodioideae ,Atriplex,littoralis,L.,Absent,Grigore et al. (2014)
Chenopodiaceae s.str.,Chenopodioideae ,Atriplex,portulacoides,L.,Absent,Wilson (1924); Metcalfe & Chalk (1950)
Chenopodiaceae s.str.,Chenopodioideae ,Atriplex,patula,L.,Absent,Schweingruber et al. (2011)
Chenopodiaceae s.str.,Chenopodioideae ,Atriplex,prostrata,Boucher ex DC.,Absent,Grigore et al. (2014)
Chenopodiaceae s.str.,Chenopodioideae ,Atriplex ,semibaccata ,R.Br.,Absent,Crivellaro & Schweingruber (2013)
Chenopodiaceae s.str.,Chenopodioideae ,Atriplex,sibirica,L.,Absent,Timonin (2011)
Chenopodiaceae s.str.,Chenopodioideae ,Atriplex,tatarica,L.,Absent,Grigore et al. (2014)
Chenopodiaceae s.str.,Chenopodioideae ,Axyris,amaranthoides,L.,Present,Timonin (2011)
Chenopodiaceae s.str.,Chenopodioideae ,Blitum,capitatum,L.,Absent,Wilson (1924)
Chenopodiaceae s.str.,Chenopodioideae ,Ceratocarpus,arenarius ,L.,Present,Timonin (2011)
Chenopodiaceae s.str.,Chenopodioideae ,Chenopodiastrum,murale,"(L.) S.Fuentes, Uotila & Borsch",Present,"Abdullah et al., (2025)"
Chenopodiaceae s.str.,Chenopodioideae ,Chenopodium,album,L.,Absent,This study; Wilson (1924); Malekloo et al. (2010); Timonin (2011)
Chenopodiaceae s.str.,Chenopodioideae ,Chenopodium,foliosum,(Moench) Aschers.,Absent,Doležal et al. (2018)
Chenopodiaceae s.str.,Chenopodioideae ,Chenopodium,pamiricum ,Iljin,Absent,Doležal et al. (2018)
Chenopodiaceae s.str.,Chenopodioideae ,Chenopodium,quinoa,Willd.,Absent,Gomaa (2014)
Chenopodiaceae s.str.,Chenopodioideae ,Dysphania,ambrosioides,(L.) Mosyakin & Clemants,Absent,Bonzani et al. (2003); Sá (2013)
Chenopodiaceae s.str.,Chenopodioideae ,Halimione ,portulacoides,(L.) Aellen,Absent,Wilson (1924); Metcalfe & Chalk (1950)
Chenopodiaceae s.str.,Chenopodioideae ,Halimione ,verrucifera,(M.Bieb.) Aellen,Absent,Grigore et al. (2014)
Chenopodiaceae s.str.,Chenopodioideae ,Oxybasis,glauca,"(L.) S.Fuentes, Uotila & Borsch",Absent,Wilson (1924)
Chenopodiaceae s.str.,Chenopodioideae ,Spinacia,oleracea,L.,Absent,Wilson (1924)
Chenopodiaceae s.str.,Salicornioideae,Allenrolfea ,patagonica,(Moq.) Kuntze,Absent,Cuadra & Hermann (2014)
Chenopodiaceae s.str.,Salicornioideae,Arthrocaulon,macrostachyum,(Moric.) Piirainen & G.Kadereit ,Absent,Grigore et al. (2014); Crivellaro & Schweingruber (2013)
Chenopodiaceae s.str.,Salicornioideae,Halocnemum ,strobilaceum ,(Pall.) M.Bieb.,Absent,Crivellaro (2012)
Chenopodiaceae s.str.,Salsoloideae,Halogeton,glomeratus,(M.Bieb.) Ledeb,Absent,Doležal et al. (2018)
Chenopodiaceae s.str.,Salsoloideae,Haloxylon ,articulatum, (Moq.) Bunge,Absent,Wilson (1924)
Chenopodiaceae s.str.,Salicornioideae,Heterostachys,olivascens,(Speg.) Molfino,Absent,Cuadra et al. (2020)
Chenopodiaceae s.str.,Salicornioideae,Heterostachys,ritteriana,(Moq.) Ung.-Sternb.,Absent,Cuadra et al. (2020)
Chenopodiaceae s.str.,Salicornioideae,Salicornia,europaea,L.,Absent,Wilson (1924); Grigore et al. (2014)
Chenopodiaceae s.str.,Salicornioideae,Salicornia,fruticosa,L.,Absent,Crivellaro & Schweingruber (2013); Hasanuzzaman et al. (2019)
Chenopodiaceae s.str.,Salicornioideae,Salicornia,perennis,Mill.,Absent,"Crivellaro (2012), Crivellaro & Schweingruber (2013), Pérez Cuadra and Hermann (2014). "
Chenopodiaceae s.str.,Salsoloideae,Anabasis,aphylla ,L.,Absent,Timonin (2011)
Chenopodiaceae s.str.,Salsoloideae,Anabasis,setifera,Moq.,Absent,This study
Chenopodiaceae s.str.,Salsoloideae,Horaninowia,ulicina,Fischer & C.A. Mey.,Absent,Timonin (2011)
Chenopodiaceae s.str.,Salsoloideae,Noaea ,mucronata ,(Forssk.) Asch. & Schweinf.,Absent,Crivellaro (2012)
Chenopodiaceae s.str.,Salsoloideae,Nucularia,perrinii,Batt.,Absent,Heklau et al. (2012)
Chenopodiaceae s.str.,Salsoloideae,Ofaiston,monandrum,(Pall.) Moq.,Absent,Timonin (2011)
Chenopodiaceae s.str.,Salsoloideae,Petrosimonia,monandra,(Pall.) Bunge,Absent,Timonin (2011)
Chenopodiaceae s.str.,Salsoloideae,Petrosimonia,oppositifolia,(Pall.) Litv.,Absent,Timonin (2011)
Chenopodiaceae s.str.,Salsoloideae,Petrosimonia,triandra,(Pall.) Rech.f.,Absent,This study
Chenopodiaceae s.str.,Salsoloideae,Pyankovia,brachiata,(Pall.) Akhani & Roalson,Absent,Timonin (2011)
Chenopodiaceae s.str.,Salsoloideae,Salsola,australis,R.Br.,Absent,Timonin (2011)
Chenopodiaceae s.str.,Salsoloideae,Soda,oppositifolia,(Desf.) Akhani,Absent,Grigore et al. (2014)
Chenopodiaceae s.str.,Salsoloideae,Soda,inermis,Fourr.,Absent,Wilson (1924)
Chenopodiaceae s.str.,Suaedoideae,Suaeda ,aegyptiaca ,(Hasselq.) Zohary,Absent,Crivellaro & Schweingruber (2013)
Chenopodiaceae s.str.,Suaedoideae,Suaeda,fruticosa,(L.) L.,Absent,Wilson (1924); Shelke et al. (2019)
Chenopodiaceae s.str.,Suaedoideae,Suaeda,heterophylla,(Kar. & Kir.) Bunge ex Boiss.,Absent,Timonin (2011)
Chenopodiaceae s.str.,Suaedoideae,Suaeda,maritima,(L.) Dumort.,Absent,Grigore et al. (2014)
Chenopodiaceae s.str.,Suaedoideae,Suaeda,microphylla,Pall.,Absent,Timonin (2011)
Chenopodiaceae s.str.,Suaedoideae,Suaeda,nudiflora,(Willd.) Moq.,Absent,Shelke et al. (2019)
Chenopodiaceae s.str.,Suaedoideae,Suaeda,spicata,Moq.,Absent,Grigore et al. (2014)
Chenopodiaceae s.str.,Suaedoideae,Suaeda ,vera ,Forssk.,Absent,Crivellaro & Schweingruber (2013)
Didiereaceae,Didiereoideae,Alluaudia,comosa,(Drake) Drake,Absent,Hernandes-Lopes et al. (2016)
Didiereaceae,Didiereoideae,Alluaudia,procera,(Drake) Drake,Absent,Hernandes-Lopes et al. (2016)
Didiereaceae,Didiereoideae,Alluaudiopsis,fiherenensis,Humbert & Choux,Absent,Hernandes-Lopes et al. (2016)
Didiereaceae,Didiereoideae,Alluaudiopsis,marnieriana,Rauh,Absent,Hernandes-Lopes et al. (2016)
Didiereaceae,Didiereoideae,Decarya,madagascariensis,Choux,Absent,Hernandes-Lopes et al. (2016)
Didiereaceae,Didiereoideae,Didierea,madagascariensis,Baill.,Absent,Hernandes-Lopes et al. (2016)
Didiereaceae,Didiereoideae,Didierea,trollii,Capuron & Rauh,Absent,Hernandes-Lopes et al. (2016)
Didiereaceae,Portulacarioideae,Portulacaria,afra,Jacq.,Absent,Hernandes-Lopes et al. (2016)
Didiereaceae,Portulacarioideae,Portulacaria,armiana,van Jaarsv.,Absent,Hernandes-Lopes et al. (2016)
Didiereaceae,Portulacarioideae,Portulacaria,carrissoana,(Exell & Mendonça) Bruyns & Klak,Absent,Hernandes-Lopes et al. (2016)
Didiereaceae,Portulacarioideae,Portulacaria,fruticulosa,(H.Pearson & Stephens) Bruyns & Klak,Absent,Hernandes-Lopes et al. (2016)
Didiereaceae,Portulacarioideae,Portulacaria,longipedunculata,(Merxm. & Podlech) Bruyns & Klak,Absent,Hernandes-Lopes et al. (2016)
Didiereaceae,Portulacarioideae,Portulacaria,namaquensis,Sond.,Absent,Hernandes-Lopes et al. (2016)
Didiereaceae,Portulacarioideae,Portulacaria,pygmaea,Pillans,Absent,Hernandes-Lopes et al. (2016)
Dioncophyllaceae,n/a,Dioncophyllum,tholloni,Baill.,Absent,Sprague (1916)
Dioncophyllaceae,n/a,Habropetalum,dawei,(Hutch. & Dalziel) Airy Shaw,Absent,Metcalfe (1951)
Dioncophyllaceae,n/a,Triphyophyllum,peltatum,(Hutch. & Dalziel) Airy Shaw,Absent,Metcalfe (1951)
Droseraceae,n/a,Aldrovanda,vesiculosa,L.,Absent,Stãnescu & Toma (2007); Schweingruber et al. (2020)
Droseraceae,n/a,Dionaea,muscipula ,J.Ellis,Absent,This study
Droseraceae,n/a,Drosera,andersoniana,W.Fitzg.,Absent,Debhur (1977)
Droseraceae,n/a,Drosera,anglica,Huds.,Absent,Crivellaro & Schweingruber (2015); Schweingruber et al. (2020)
Droseraceae,n/a,Drosera,auriculata,Backh. ex Planch.,Absent,Debhur (1977)
Droseraceae,n/a,Drosera,bulbigma ,Morrison,Absent,Debhur (1977)
Droseraceae,n/a,Drosera,bulbosa ,Hook.,Absent,Debhur (1977)
Droseraceae,n/a,Drosera,capensis,L.,Present,Stãnescu & Toma (2009)
Droseraceae,n/a,Drosera,ervthrorrhiza ,Lindl.,Absent,Debhur (1977)
Droseraceae,n/a,Drosera,fimbriata,DeBuhr,Present,Debhur (1977)
Droseraceae,n/a,Drosera,gigantea,Lindl.,Absent,Debhur (1977)
Droseraceae,n/a,Drosera,heterophylla,Lindl.,Absent,Debhur (1977)
Droseraceae,n/a,Drosera,huegelii ,Endl.,Absent,Debhur (1977)
Droseraceae,n/a,Drosera,macrantha,Endl.,Absent,Debhur (1977)
Droseraceae,n/a,Drosera,macrophylla ,Lindl.,Absent,Debhur (1977)
Droseraceae,n/a,Drosera,marchantii ,DeBuhr,Absent,Debhur (1977)
Droseraceae,n/a,Drosera,menziesii ,R.Br.,Absent,Debhur (1977)
Droseraceae,n/a,Drosera,microphylla,Endl.,Absent,Debhur (1977)
Droseraceae,n/a,Drosera,modesta,Diels,Absent,Debhur (1977)
Droseraceae,n/a,Drosera,myriantha,Diels,Absent,Debhur (1977)
Droseraceae,n/a,Drosera,neesii,Lehm.,Absent,Debhur (1977)
Droseraceae,n/a,Drosera,pallida,Lindl.,Absent,Debhur (1977)
Droseraceae,n/a,Drosera,peltata,Smith,Absent,Debhur (1977)
Droseraceae,n/a,Drosera,planchonii ,Hook.,Absent,Debhur (1977)
Droseraceae,n/a,Drosera,platypoda,Turcz.,Present,Debhur (1977)
Droseraceae,n/a,Drosera,ramelosa,Lehm.,Absent,Debhur (1977)
Droseraceae,n/a,Drosera,stolonifera,Endl.,Present,Debhur (1977)
Droseraceae,n/a,Drosera,subhirtella ,Planch.,Absent,Debhur (1977)
Droseraceae,n/a,Drosera,sulphurea ,Lehm.,Absent,Debhur (1977)
Droseraceae,n/a,Drosera,thysanosepala ,Diels,Absent,Debhur (1977)
Droseraceae,n/a,Drosera,auriculata,Backh. ex Planch.,Absent,Debhur (1977)
Droseraceae,n/a,Drosera,whittakeri,Planch.,Absent,Debhur (1977)
Droseraceae,n/a,Drosera,zonaria,Planch.,Absent,Debhur (1977)
Drosophyllaceae,n/a,Drosophyllum,lusitanicum,(L.) Link,Absent,Schweingruber et al. (2011)
Frankeniaceae,n/a,Frankenia,hirsuta,L.,Absent,Crivellaro & Schweingruber (2013)
Frankeniaceae,n/a,Frankenia ,laevis,L.,Absent,Grigore et al. (2014)
Frankeniaceae,n/a,Frankenia ,pulverulenta,L.,Absent,Cuadra & Cambi (2014)
Gisekiaceae,n/a,Gisekia,pharnaceoides,L.,Absent,This study; Jain et al. (2010); Sunita & Manju (2018) 
Halophytaceae,n/a,Halophytum,ameghinoi,(Speg.) Speg.,Absent,Fernandez et al. (2016)
Kewaceae,n/a,Kewa,bowkeriana,(Sond.) Christenh.,Absent,This study
Kewaceae,n/a,Kewa,salsoloides,(Burch.) Christenh.,Absent,This study
Limeaceae,n/a,Limeum,aethiopicum ,Burm.f.,Absent,This study
Limeaceae,n/a,Limeum,fenestratum,(Fenzl) Heimerl,Absent,This study
Limeaceae,n/a,Limeum,viscosum ,Burtt Davy,Absent,This study
Lophiocarpaceae,n/a,Corbichonia ,exelii,Sukhor.,Absent,This study
Lophiocarpaceae,n/a,Corbichonia ,decumbens ,(Forssk.) Exell,Absent,Sunita & Manju (2018)
Lophiocarpaceae,n/a,Lophiocarpus,polystachyus,Turcz.,Absent,This study
Macarthuriaceae,n/a,Macarthuria,australis,Huegel ex Endl.,Absent,This study
Macarthuriaceae,n/a,Macarthuria,complanata,E.M.Ross,Absent,This study
Microteaceae,n/a,Microtea ,celosioides,(Spreng.) Moq. ex Sennikov & Sukhor.,Absent,This study
Molluginaceae,n/a,Glinus,oppositifolius,(L.) Aug.DC.,Absent,This study; Ridgway & Rowson (1956)
Molluginaceae,n/a,Hypertelis,cerviana,(L.) Thulin,Absent,Jyothi et al. (2010)
Molluginaceae,n/a,Hypertelis,spergulacea,E.Mey. ex Fenzl,Absent,This study
Molluginaceae,n/a,Hyperteris ,walteri ,(Friedr.) Thulin,Absent,This study
Molluginaceae,n/a,Paramollugo,nudicaulis ,(Lam.) Thulin,Absent,This study
Molluginaceae,n/a,Pharnaceum,incanum,L.,Absent,This study
Molluginaceae,n/a,Pharnaceum,sp.,,Absent,This study
Molluginaceae,n/a,Polpoda,capensis,C.Presl,Absent,This study
Montiaceae,n/a,Claytonia ,virginica,L.,Absent,Milby (1980)
Montiaceae,n/a,Hectorella,caespitosa,Hook. f.,Absent,Krishnamurthy et al. (2015)
Montiaceae,n/a,Lewisia,rediviva,Pursh,Absent,This study
Montiaceae,n/a,Montia ,fontana ,L.,Absent,This study
Nepenthaceae,n/a,Nepenthes,ampullaria,Jack,Absent,Schwallier et al. (2017)
Nepenthaceae,n/a,Nepenthes,bicalcarata,Hook.f.,Absent,Schwallier et al. (2017)
Nepenthaceae,n/a,Nepenthes,bokorensis,Mey,Absent,Schwallier et al. (2017)
Nepenthaceae,n/a,Nepenthes,burbidgeae,Hook.f. ex Burb.,Present,Schwallier et al. (2017)
Nepenthaceae,n/a,Nepenthes,chaniana,"C.Clarke, C.Lee & S.McPherson.",Absent,Schwallier et al. (2017)
Nepenthaceae,n/a,Nepenthes,distillatoria,L.,Absent,Schwallier et al. (2017)
Nepenthaceae,n/a,Nepenthes,edwardsiana,H.Low ex Hook.f.,Absent,Schwallier et al. (2017)
Nepenthaceae,n/a,Nepenthes,gracilis,Korth.,Absent,Schwallier et al. (2017)
Nepenthaceae,n/a,Nepenthes,gracillima,Ridl.,Absent,Schwallier et al. (2017)
Nepenthaceae,n/a,Nepenthes,gymnamphora,Reinw. ex Nees,Absent,Schwallier et al. (2017)
Nepenthaceae,n/a,Nepenthes,hirsuta,Hook.f.,Absent,Schwallier et al. (2017)
Nepenthaceae,n/a,Nepenthes,kerrii,M.Catal. & Kruetr.,Absent,Schwallier et al. (2017)
Nepenthaceae,n/a,Nepenthes,khasiana,Hook.f,Absent,Schwallier et al. (2017)
Nepenthaceae,n/a,Nepenthes,lamii,Jebb and Cheek,Absent,Schwallier et al. (2017)
Nepenthaceae,n/a,Nepenthes,lowii,Hook.f.,Absent,Schwallier et al. (2017)
Nepenthaceae,n/a,Nepenthes,macfarlanei,Hemsl.,Present,Schwallier et al. (2017)
Nepenthaceae,n/a,Nepenthes,madagascariensis,Poir.,Absent,Schwallier et al. (2017)
Nepenthaceae,n/a,Nepenthes,maxima,Reinw.,Absent,Schwallier et al. (2017)
Nepenthaceae,n/a,Nepenthes,mirabilis,(Lour.) Druce,Absent,Schwallier et al. (2017)
Nepenthaceae,n/a,Nepenthes,muluensis,M.Hotta,Absent,Schwallier et al. (2017)
Nepenthaceae,n/a,Nepenthes,neoguineensis,Macfarl.,Absent,Schwallier et al. (2017)
Nepenthaceae,n/a,Nepenthes,pervillei,Blume,Absent,Schwallier et al. (2017)
Nepenthaceae,n/a,Nepenthes,pilosa,Danser,Present,Schwallier et al. (2017)
Nepenthaceae,n/a,Nepenthes,rafflesiana,Jack,Absent,Schwallier et al. (2017)
Nepenthaceae,n/a,Nepenthes,rajah,Hook.f.,Absent,Schwallier et al. (2017)
Nepenthaceae,n/a,Nepenthes,ramispina,Ridl.,Absent,Schwallier et al. (2017)
Nepenthaceae,n/a,Nepenthes,reinwardtiana,Miq.,Present,Schwallier et al. (2017)
Nepenthaceae,n/a,Nepenthes,rhombicaulis,Sh.Kurata,Absent,Schwallier et al. (2017)
Nepenthaceae,n/a,Nepenthes,sanguinea,Lindl.,Present,Schwallier et al. (2017)
Nepenthaceae,n/a,Nepenthes,smilesii,Hemsl.,Absent,Schwallier et al. (2017)
Nepenthaceae,n/a,Nepenthes,stenophylla,Mast.,Present,Schwallier et al. (2017)
Nepenthaceae,n/a,Nepenthes,tentaculata,Hook.f.,Absent,Schwallier et al. (2017)
Nepenthaceae,n/a,Nepenthes,thorelii,Lecomte,Absent,Schwallier et al. (2017)
Nepenthaceae,n/a,Nepenthes,tobaica,Danser,Present,Schwallier et al. (2017)
Nepenthaceae,n/a,Nepenthes,tomoriana,Danser,Absent,Schwallier et al. (2017)
Nepenthaceae,n/a,Nepenthes,veitchii,Hook.f.,Present,Schwallier et al. (2017)
Nepenthaceae,n/a,Nepenthes,villosa,Hook.f.,Absent,Schwallier et al. (2017)
Nepenthaceae,n/a,Nepenthes,sp.,,Absent,Schwallier et al. (2017)
Nyctaginaceae,Boldoeae,Cryptocarpus ,pyriformis ,Kunth,Present,Cunha Neto et al. (2020)
Nyctaginaceae,Boldoeae,Salpianthus,arenarius ,Bonpl.,Present,Cunha Neto et al. (2020)
Nyctaginaceae,Boldoeae,Salpianthus,macrodontus,Standl.,Present,Cunha Neto et al. (2020)
Nyctaginaceae,Boldoeae,Salpianthus,purpurascens,(Cav. ex Lag.) Hook. & Arn.,Present,Cunha Neto et al. (2020)
Nyctaginaceae,Bougainvilleeae,Belemia,cordata,Harley & Giul.,Present,This study
Nyctaginaceae,Bougainvilleeae,Belemia,fucsioides,Pires,Present,Cunha Neto et al. (2020)
Nyctaginaceae,Bougainvilleeae,Bougainvillea ,sp. 1,,Present,Cunha Neto et al. (2020)
Nyctaginaceae,Bougainvilleeae,Bougainvillea ,sp. 2,,Present,Cunha Neto et al. (2020)
Nyctaginaceae,Bougainvilleeae,Bougainvillea ,berberidifolia,Heimerl,Present,Cunha Neto et al. (2020)
Nyctaginaceae,Bougainvilleeae,Bougainvillea ,campanulata,Heimerl,Present,Cunha Neto et al. (2020)
Nyctaginaceae,Bougainvilleeae,Bougainvillea ,modesta,Heimerl,Present,Cunha Neto et al. (2020)
Nyctaginaceae,Bougainvilleeae,Bougainvillea ,stipitata,Griseb.,Present,Cunha Neto et al. (2020)
Nyctaginaceae,Bougainvilleeae,Bougainvillea ,spectabilis,Willd.,Present,Cunha Neto et al. (2020)
Nyctaginaceae,Bougainvilleeae,Phaeoptilum ,spinosum ,Radlk.,Present,Cunha Neto et al. (2020)
Nyctaginaceae,Colignonieae,Colignonia,glomerata,Griseb.,Present,Cunha Neto et al. (2020)
Nyctaginaceae,Colignonieae,Colignonia,rufopilosa,Kuntze,Present,Cunha Neto et al. (2020)
Nyctaginaceae,Leucastereae,Andradea ,floribunda ,Allemão,Absent,Cunha Neto et al. (2020)
Nyctaginaceae,Leucastereae,Leucaster,caniflorus,(Mart.) Choisy,Absent,Cunha Neto et al. (2020)
Nyctaginaceae,Leucastereae,Ramisia,brasiliensis,Oliv.,Absent,Cunha Neto et al. (2020)
Nyctaginaceae,Leucastereae,Reichenbachia,hirsuta,Spreng.,Absent,Cunha Neto et al. (2020)
Nyctaginaceae,Nyctagineae,Abronia, fragrans ,Nutt. ex Hook.,Present,Cunha Neto et al. (2020)
Nyctaginaceae,Nyctagineae,Abronia,neealleyi,Standl.,Present,Cunha Neto et al. (2020)
Nyctaginaceae,Nyctagineae,Acleisanthes,acutifolia ,Standl.,Present,Cunha Neto et al. (2020)
Nyctaginaceae,Nyctagineae,Acleisanthes,chenopodioides ,(A.Gray) R.A.Levin,Present,Cunha Neto et al. (2020)
Nyctaginaceae,Nyctagineae,Acleisanthes,longiflora,A.Gray,Present,Cunha Neto et al. (2020)
Nyctaginaceae,Nyctagineae,Allionia,choisyi,Standl.,Present,Cunha Neto et al. (2020)
Nyctaginaceae,Nyctagineae,Allionia,incarnata,L.,Present,Cunha Neto et al. (2020)
Nyctaginaceae,Nyctagineae,Anulocaulis ,leiosolenus var. leiosolenus,(Torr.) Standl. ,Present,Cunha Neto et al. (2020)
Nyctaginaceae,Nyctagineae,Boerhavia, diffusa ,L.,Present,Cunha Neto et al. (2020)
Nyctaginaceae,Nyctagineae,Boerhavia,hereroensis ,Heimerl,Present,Cunha Neto et al. (2020)
Nyctaginaceae,Nyctagineae,Boerhavia,linearifolia,A.Gray,Present,Cunha Neto et al. (2020)
Nyctaginaceae,Nyctagineae,Boerhavia,torreyana,(S.Watson) Standl.,Present,Cunha Neto et al. (2020)
Nyctaginaceae,Nyctagineae,Boerhavia,wrightii,A.Gray,Present,Cunha Neto et al. (2020)
Nyctaginaceae,Nyctagineae,Commicarpus,scandens,(L.) Standl.,Present,Cunha Neto et al. (2020)
Nyctaginaceae,Nyctagineae,Cyphomeris ,gypsophiloides ,(M. Martens & Galeotti) Standl.,Present,Cunha Neto et al. (2020)
Nyctaginaceae,Nyctagineae,Mirabilis,sp. ,,Present,Cunha Neto et al. (2020)
Nyctaginaceae,Nyctagineae,Mirabilis,aggregata,(Ortega) Cav.,Present,Cunha Neto et al. (2020)
Nyctaginaceae,Nyctagineae,Mirabilis,cf. albida,(Walter) Heimerl,Present,Cunha Neto et al. (2020)
Nyctaginaceae,Nyctagineae,Mirabilis,alipes ,(S. Wats.) Pilz,Present,Henández-Ledesma et al. (2011)
Nyctaginaceae,Nyctagineae,Mirabilis,coccinea,(Torr.) Hook.,Present,Henández-Ledesma et al. (2011)
Nyctaginaceae,Nyctagineae,Mirabilis,glabrata,(S.Wats.) Standl.,Present,Henández-Ledesma et al. (2011)
Nyctaginaceae,Nyctagineae,Mirabilis,glabrifolia ,(Ort.) I.M.Johnst.,Present,Henández-Ledesma et al. (2011)
Nyctaginaceae,Nyctagineae,Mirabilis,gracilis,(Standl.) Le Duc,Present,Henández-Ledesma et al. (2011)
Nyctaginaceae,Nyctagineae,Mirabilis,grandiflora,(Standl.) Standl.,Present,Henández-Ledesma et al. (2011)
Nyctaginaceae,Nyctagineae,Mirabilis,jalapa,L.,Present,Cunha Neto et al. (2020)
Nyctaginaceae,Nyctagineae,Mirabilis,laevis,(Benth.) Curran,Present,Henández-Ledesma et al. (2011)
Nyctaginaceae,Nyctagineae,Mirabilis,linearis ,(Pursh) Heimerl,Present,Henández-Ledesma et al. (2011)
Nyctaginaceae,Nyctagineae,Mirabilis,longiflora,L.,Present,Henández-Ledesma et al. (2011)
Nyctaginaceae,Nyctagineae,Mirabilis,melanotricha ,(Standl.) Spellenb.,Present,Henández-Ledesma et al. (2011)
Nyctaginaceae,Nyctagineae,Mirabilis,multiflora ,(Torrey) A. Gray,Present,Henández-Ledesma et al. (2011)
Nyctaginaceae,Nyctagineae,Mirabilis,nyctaginea ,(Michx.) MacMill.,Present,Henández-Ledesma et al. (2011)
Nyctaginaceae,Nyctagineae,Mirabilis,pringlei,Weath.,Present,Henández-Ledesma et al. (2011)
Nyctaginaceae,Nyctagineae,Mirabilis,oligantha ,(Standl.) Macbr.,Present,Henández-Ledesma et al. (2011)
Nyctaginaceae,Nyctagineae,Mirabilis,oxybaphoides ,(A.Gray) A.Gray,Present,Henández-Ledesma et al. (2011)
Nyctaginaceae,Nyctagineae,Mirabilis,pudica ,Barneby,Present,Henández-Ledesma et al. (2011)
Nyctaginaceae,Nyctagineae,Mirabilis,sanguinea,Heimerl,Present,Henández-Ledesma et al. (2011)
Nyctaginaceae,Nyctagineae,Mirabilis,suffruticosa ,(Standl.) Standl.,Present,Henández-Ledesma et al. (2011)
Nyctaginaceae,Nyctagineae,Mirabilis,tenuiloba ,S. Wats.,Present,Henández-Ledesma et al. (2011)
Nyctaginaceae,Nyctagineae,Mirabilis,violacea ,(L.) Heimerl,Present,Henández-Ledesma et al. (2011)
Nyctaginaceae,Nyctagineae,Mirabilis,viscosa,Cav.,Present,Cunha Neto et al. (2020)
Nyctaginaceae,Nyctagineae,Mirabilis,triflora ,Benth.,Present,Henández-Ledesma et al. (2011)
Nyctaginaceae,Nyctagineae,Nyctaginia,capitata,Choisy,Present,Cunha Neto et al. (2020)
Nyctaginaceae,Nyctagineae,Okenia,hypogea,Schltdl. & Cham.,Present,Cunha Neto et al. (2020)
Nyctaginaceae,Pisonieae,Grajalesia ,fasciculata ,(Standl.) Miranda,Present,Cunha Neto et al. (2020)
Nyctaginaceae,Pisonieae,Guapira,linearibracteata ,(Heimerl) Lundell,Present,Cunha Neto et al. (2020)
Nyctaginaceae,Pisonieae,Guapira,pernambucensis,(Casar.) Lundell,Present,Cunha Neto et al. (2020)
Nyctaginaceae,Pisonieae,Guapira,graciliflora,(Mart. ex J.A.Schmidt) Lundell,Present,Cunha Neto et al. (2020)
Nyctaginaceae,Pisonieae,Guapira,laxa,(Netto) Furlan,Present,Cunha Neto et al. (2020)
Nyctaginaceae,Pisonieae,Guapira,ligustrifolia,(Heimerl) Lundell,Present,Cunha Neto et al. (2020)
Nyctaginaceae,Pisonieae,Guapira,opposita,(Vell.) Reitz.,Present,Cunha Neto et al. (2020)
Nyctaginaceae,Pisonieae,Neea,delicatula,Standl.,Present,Cunha Neto et al. (2020)
Nyctaginaceae,Pisonieae,Neea,hermaphrodita ,S.Moore,Present,Cunha Neto et al. (2020)
Nyctaginaceae,Pisonieae,Neea,laetevirens,Standl.,Present,Cunha Neto et al. (2020)
Nyctaginaceae,Pisonieae,Neea,macrophylla ,Britton ex Rusby,Present,Cunha Neto et al. (2020)
Nyctaginaceae,Pisonieae,Neea,ovalifolia,Spruce ex J.A.Schmidt,Present,Cunha Neto et al. (2020)
Nyctaginaceae,Pisonieae,Neea,psychotrioides ,Donn.Sm.,Present,Cunha Neto et al. (2020)
Nyctaginaceae,Pisonieae,Pisonia,sp. 1,,Present,Cunha Neto et al. (2020)
Nyctaginaceae,Pisonieae,Pisonia,sp. 2,,Present,Cunha Neto et al. (2020)
Nyctaginaceae,Pisonieae,Pisonia,sp. 3,,Present,Cunha Neto et al. (2020)
Nyctaginaceae,Pisonieae,Pisonia,aculeta,L.,Present,Cunha Neto et al. (2020)
Nyctaginaceae,Pisonieae,Pisonia,zapallo,Griseb.,Present,Cunha Neto et al. (2020)
Nyctaginaceae,Pisonieae,Pisoniella,arborescens,(Lag. & Rodr.) Standl.,Present,Cunha Neto et al. (2020)
Nyctaginaceae,Pisonieae,Pisoniella,glabrata,(Heimerl) Standl.,Present,Cunha Neto et al. (2020)
Petiveriaceae ,n/a,Gallesia ,integrifolia,(Spreng.) Harms,Present,This study
Petiveriaceae ,n/a,Hilleria ,latifolia,(Lam.) H.Walter,Absent,Carlquist (2000)
Petiveriaceae ,n/a,Ledenbergia,seguierioides,Klotzsch ex Moq.,Absent,This study
Petiveriaceae ,n/a,Monococcus,echinophorus ,F.Muell.,Absent,Jansen et al. (2000)
Petiveriaceae ,n/a,Petiveria,alliacea,L.,Absent,This study; Carlquist (2000); Duarte and Lopes (2005)
Petiveriaceae ,n/a,Rivina ,humilis,L.,Absent,This study; Pugialli & Marquete (1989) 
Petiveriaceae ,n/a,Schindleria ,racemosa ,(Britton ex Rusby) H.Walter,Absent,This study; Carlquist (2000)
Petiveriaceae ,n/a,Seguieria ,americana,L.,Absent,This study
Petiveriaceae ,n/a,Seguieria ,langsdorffii,Moq.,Absent,This study
Petiveriaceae ,n/a,Trichostigma,octandrum,(L.) H.Walter,Absent,This study; Carlquist (2000)
Physenaceae,n/a,Physena,madagascariensis,Thou. ex Tul.,Absent,This study
Phytolaccaceae,n/a,Anisomeria,chilensis,H.Walter,Absent,This study
Phytolaccaceae,n/a,Ercilla,spicata,(Bertero) Moq. ,Absent,This study
Phytolaccaceae,n/a,Phytolacca,acinosa,Roxb.,Absent,This study
Phytolaccaceae,n/a,Phytolacca,americana,L.,Absent,Mikesell (1979)
Phytolaccaceae,n/a,Phytolacca,dioica,L.,Present,De Bary (1884); Wheat (1977); Kirchoff and Fahn (1984); Carlquist (2000)
Phytolaccaceae,n/a,Phytolacca,icosandra,L.,Absent,This study
Phytolaccaceae,n/a,Phytolacca,meziana,H.Walter,Absent,Wheat (1977)
Phytolaccaceae,n/a,Phytolacca ,pruinosa, Fenzl,Absent,Crivellaro & Schweingruber (2013)
Phytolaccaceae,n/a,Phytolacca,sp.,,Absent,This study
Phytolaccaceae,n/a,Phytolacca,thyrsiflora,Fenzl ex J.A.Schmidt,Absent,This study
Plumbaginaceae,n/a,Acantholimon,sp.,,Present,Solereder (1908)
Plumbaginaceae,n/a,Acantholimon,sp.,,Present,Metcalf & Chalk (1950)
Plumbaginaceae,n/a,Acantholimon,calvertii,Boiss.,Absent,This study
Plumbaginaceae,n/a,Acantholimon,karelinii,Bunge,Absent,This study
Plumbaginaceae,n/a,Armeria,sp.,,Present,Solereder (1908)
Plumbaginaceae,n/a,Bukiniczia,cabulica,(Boiss.) Lincz.,Absent,Doležal et al. (2018)
Plumbaginaceae,n/a,Limonium,albidum,(Guss.) Pignatti,Absent,Colombo & Salvatore (1992)
Plumbaginaceae,n/a,Limonium,brasiliense,(Boiss.) Kuntze,Present,Antonelli-Ushirobira et al. (2015)
Plumbaginaceae,n/a,Limonium,californicum,(Boiss.) A.Heller,Present,Carlquist & Boggs (1996)
Plumbaginaceae,n/a,Limonium,commune,Gray,Present,Carlquist & Boggs (1996)
Plumbaginaceae,n/a,Limonium ,furfuraceum,(Lag.) Kuntze,Absent,Grigore et al. (2014)
Plumbaginaceae,n/a,Limonium ,girardianum,Kuntze,Absent,Grigore et al. (2014)
Plumbaginaceae,n/a,Limonium ,intermedium ,(Guss.) Brullo,Absent,Colombo & Salvatore (1992)
Plumbaginaceae,n/a,Limonium ,lopadusanum,Brullo,Absent,Colombo & Salvatore (1992)
Plumbaginaceae,n/a,Limonium ,narbonense,Mill.,Absent,Grigore et al. (2014)
Plumbaginaceae,n/a,Limonium,sareptanum,(A.Becker) Gams,Absent,This study
Plumbaginaceae,n/a,Limonium,vulgare,Mill.,Present,Metcalf & Chalk (1950)
Plumbaginaceae,n/a,Plumbago ,auriculata ,Lam.,Absent,Crivellaro (2012)
Plumbaginaceae,n/a,Plumbago ,europaea ,L.,Absent,Crivellaro (2012)
Plumbaginaceae,n/a,Plumbago ,scandens,L.,Absent,This study
Polygonaceae,Erigonoideae,Antigonon,leptopus,Hook. & Arn.,Absent,Rajput (2015)
Polygonaceae,Erigonoideae,Antigonon,guatimalense,Meisn.,Absent,Mohamed & Azer (2020)
Polygonaceae,Erigonoideae,Coccoloba,lucidula,Benth.,Absent,This study
Polygonaceae,Erigonoideae,Coccoloba,striata,Benth.,Absent,This study
Polygonaceae,Erigonoideae,Coccoloba,uvifera,(L.) L.,Absent,Metcalf & Chalk (1950)
Polygonaceae,Persicarieae,Bistorta,affinis,(D.Don) Greene,Absent,Doležal et al. (2018)
Polygonaceae,Persicarieae,Bistorta,officinalis,Raf.,Absent,Schweingruber et al. (2020)
Polygonaceae,Persicarieae,Bistorta,bistortoides,(Pursh) Small,Absent,Schweingruber et al. (2011)
Polygonaceae,Persicarieae,Bistorta,vivipara,(L) S.F.Gray,Absent,Doležal et al. (2018)
Polygonaceae,Persicarieae,Persicaria ,amphibia,Delarbre,Absent,Schweingruber et al. (2020)
Polygonaceae,Persicarieae,Persicaria ,glacialis,(Meisn.) H.Hara,Absent,Doležal et al. (2018)
Polygonaceae,Persicarieae,Persicaria ,senegalensis,(Meisn.) Soják,Absent,Mohamed & Azer (2020)
Polygonaceae,Persicarieae,Ruprechtia,laxiflora,Meisn.,Absent,Mohamed & Azer (2020)
Polygonaceae,Persicarieae,Ruprechtia,salicifolia,(Cham. & Schltdl.) C.A.Mey.,Absent,Mohamed & Azer (2020)
Polygonaceae,Persicarieae,Triplaris ,americana,L.,Absent,This study
Polygonaceae,Calligoneae,Calligonum,polygonoides,L.,Absent,Mohamed & Azer (2020)
Polygonaceae,Fagopyreae,Fagopyrum,esculentum,Moench,Absent,Schweingruber et al. (2011); Doležal et al. (2018)
Polygonaceae,Fagopyreae,Fagopyrum,tataricum,(L.) Gaertn.,Absent,This study
Polygonaceae,Polygoneae,Fallopia,convolvulus,(L.) A.Löve,Absent,Goremykina & Dinekina (2016)
Polygonaceae,Polygoneae,Knorringia,pamirica,(Korsh.) Tzvelev,Absent,Doležal et al. (2018)
Polygonaceae,Polygoneae,Koenigia,islandica,L.,Absent,Doležal et al. (2018)
Polygonaceae,Polygoneae,Muehlenbeckia ,platycladum,(F.Muell.) Meisn.,Absent,This study
Polygonaceae,Polygoneae,Muehlenbeckia ,sagittifolia,(Ortega) Meisn.,Absent,This study
Polygonaceae,Polygoneae,Polygonum ,aviculare,L.,Absent,This study
Polygonaceae,Polygoneae,Polygonum ,equisetiforme,Sibth. & Sm.,Absent,Metcalf & Chalk (1950); Crivellaro & Schweingruber (2013); Grigore et al. (2014)
Polygonaceae,Polygoneae,Polygonum ,patulum,M.Bieb.,Absent,Grigore et al. (2014); Goremykina & Dinekina (2016)
Polygonaceae,Polygoneae,Reynoutria,cilinervis,(Nakai) Moldenke,Absent,Gang & Cai (2008)
Polygonaceae,Rumiceae,Oxyria,digyna,(L.) Hill,Absent,Schweingruber et al. (2011); Doležal et al. (2018)
Polygonaceae,Rumiceae,Rheum,x hybridum,Murray,Absent,Solereder (1908)
Polygonaceae,Rumiceae,Rheum,nanum,Siev. ex Pall.,Absent,Solereder (1908)
Polygonaceae,Rumiceae,Rheum,sp.,,Absent,Joshi (1936); Carlquist (2003) 
Polygonaceae,Rumiceae,Rheum,rhaponticum,L,Absent,Solereder (1908)
Polygonaceae,Rumiceae,Rumex,chalepensis,Mill.,Absent,Soleimani et al. (2014); Keshavarzi et al. (2018)
Polygonaceae,Rumiceae,Rumex,conglomeratus,Murray,Absent,Soleimani et al. (2014); Keshavarzi et al. (2018)
Polygonaceae,Rumiceae,Rumex,x cordifolius,Brügger,Absent,Maheshwari (1929)
Polygonaceae,Rumiceae,Rumex,crispus,L.,Absent,This study; Maheshwari (1929); Soleimani et al. (2014)
Polygonaceae,Rumiceae,Rumex,dentatus,L.,Absent,Joshi (1936); Metcalf & Chalk (1950); Soleimani et al. (2014); Keshavarzi et al. (2018); Mohamed & Azer (2020)
Polygonaceae,Rumiceae,Rumex,elbrusensis,Boiss.,Absent,Keshavarzi et al. (2018)
Polygonaceae,Rumiceae,Rumex,hastatus,D.Don,Absent,Sahney and Vibhasa (2012)
Polygonaceae,Rumiceae,Rumex,hydrolapathum,Huds.,Absent,Maheshwari (1929); Schweingruber et al. (2011)
Polygonaceae,Rumiceae,Rumex,intermedius,DC.,Absent,Solereder (1908)
Polygonaceae,Rumiceae,Rumex ,longifolius,DC.,Absent,Maheshwari (1929)
Polygonaceae,Rumiceae,Rumex,palustris,Sm.,Absent,Solereder (1908)
Polygonaceae,Rumiceae,Rumex ,patientia,L.,Absent,Maheshwari & Singh (1942); Joshi (1936)
Polygonaceae,Rumiceae,Rumex,pulcher,L.,Absent,Keshavarzi et al. (2018)
Polygonaceae,Rumiceae,Rumex,purpureus,Link,Absent,Solereder (1908)
Polygonaceae,Rumiceae,Rumex,tuberosus,L.,Absent,Soleimani et al. (2014)
Polygonaceae,Rumiceae,Rumex,vesicarius,L.,Absent,Keshavarzi et al. (2018); Mohamed & Azer (2020) 
Portulacaceae,n/a,Portulaca,abscondita,Zavatin & T.Vieira,Absent,Zavatin et al. (2026)
Portulacaceae,n/a,Portulaca,elatior,Mart. ex Rohrb.,Absent,Santos (2016)
Portulacaceae,n/a,Portulaca,giuliettiae,T.Vieira & A.A.Coelho,Absent,Santos (2016)
Portulacaceae,n/a,Portulaca,halimoides,L.,Absent,Lopes Filho (2010); Santos (2016)
Portulacaceae,n/a,Portulaca,hirsutissima,Camb.,Absent,"Lopes Filho, 2010"
Portulacaceae,n/a,Portulaca,mucronata,Link,Absent,Lopes Filho (2010); Santos (2016)
Portulacaceae,n/a,Portulaca,oleracea,L.,Absent,Lopes Filho (2010)
Portulacaceae,n/a,Portulaca,umbraticola,Kunth,Absent,Santos (2016)
Portulacaceae,n/a,Portulaca,werdermannii,Poelln.,Absent,Lopes Filho (2010); Santos (2016)
Rhabdodendraceae,n/a,Rhabdodendron,amazonicum,(Spruce ex Benth.) Huber,Absent,This study
Rhabdodendraceae,n/a,Rhabdodendron,gardnerianum,(Benth.) Sandwith,Absent,This study
Sarcobataceae,n/a,Sarcobatus,vermiculatus ,(Hook.) Torr.,Absent,This study
Simmondsiaceae,n/a,Simmondsia,chinensis,(Link) C.K.Schneid. ,Absent,This study; Bailey (1980); Apostolo & Lorentti (2000)
Stegnospermataceae,n/a,Stegnosperma ,cubense,A.Rich.,Absent,Horak (1980)
Stegnospermataceae,n/a,Stegnosperma ,halimifolium,Benth.,Absent,This study; Horak (1980)
Stegnospermataceae,n/a,Stegnosperma ,watsonii,D.J.Rogers,Absent,Horak (1980)
Talinaceae,n/a,Talinum,arnotii,Hook.f.,Absent,This study
Talinaceae,n/a,Talinum,fruticosum,(L.) Juss.,Absent,"Oliveira et al., (2023)"
Talinaceae,n/a,Talinum,grevei,(Danguy) Christenh. & Byng,Absent,This study
Talinaceae,n/a,Talinum,paniculatum,(Jacq.) Gaertn.,Absent,Lopes Filho (2010); Andrada et al. (2020)
Talinaceae,n/a,Talinum,triangulare ,(Jacq.) Willd.,Absent,Hernandes-Lopes et al. (2016)
Talinaceae,n/a,Talinum,sp. 1,,Absent,This study
Talinaceae,n/a,Talinum,sp. 2,,Absent,This study
Tamaricaceae,n/a,Myricaria,germanica,(L.) Desv.,Absent,Schweingruber et a. (2011)
Tamaricaceae,n/a,Tamarix ,aphylla ,(L.) H.Karst,Absent,Crivellaro (2012)
Tamaricaceae,n/a,Tamarix ,dalmatica ,B.R.Baum,Absent,Crivellaro & Schweingruber (2013)
Tamaricaceae,n/a,Tamarix ,smyrnensis ,Bunge,Absent,Crivellaro & Schweingruber (2013)
Tamaricaceae,n/a,Tamarix ,tetragyna ,Ehrenb.,Absent,Crivellaro & Schweingruber (2013)
Tamaricaceae,n/a,Tamarix ,tetrandra ,M.Bieb.,Absent,Crivellaro & Schweingruber (2013)
Ericaceae,,Cassiope,mertensiana,(Bong.) G.Don,Absent,Wallace (1986)
Zygophyllaceae,,Zygophyllum ,fabago,L.,Absent,Majeed (2011)
,,,,,,
,,,,,,
,,,,,,
,,,,,,
,,,,,,
,,,,,,
,,,,,,
,,,,,,
,,,,,,
,,,,,,
,,,,,,
,,,,,,
,,,,,,
,,,,,,
,,,,,,
,,,,,,
,,,,,,
,,,,,,
,,,,,,
,,,,,,
,,,,,,
,,,,,,
,,,,,,
,,,,,,
,,,,,,
,,,,,,
,,,,,,
,,,,,,
,,,,,,
,,,,,,
,,,,,,
,,,,,,
,,,,,,
,,,,,,
,,,,,,
,,,,,,
,,,,,,
,,,,,,
,,,,,,
,,,,,,
,,,,,,
,,,,,,
,,,,,,
,,,,,,
,,,,,,
,,,,,,
,,,,,,
,,,,,,
,,,,,,
,,,,,,
,,,,,,
,,,,,,
,,,,,,
,,,,,,
,,,,,,
,,,,,,
,,,,,,
,,,,,,
,,,,,,
,,,,,,
,,,,,,
,,,,,,
,,,,,,
,,,,,,
,,,,,,
,,,,,,
,,,,,,
,,,,,,
,,,,,,
,,,,,,
,,,,,,
,,,,,,
,,,,,,
,,,,,,
,,,,,,
,,,,,,
,,,,,,
,,,,,,
,,,,,,
,,,,,,
,,,,,,
,,,,,,
,,,,,,
,,,,,,
,,,,,,
,,,,,,
,,,,,,
,,,,,,
,,,,,,
,,,,,,
,,,,,,
,,,,,,
,,,,,,
,,,,,,
,,,,,,
,,,,,,
,,,,,,
,,,,,,
,,,,,,
,,,,,,
,,,,,,
,,,,,,
,,,,,,
,,,,,,
,,,,,,
,,,,,,
,,,,,,
,,,,,,
,,,,,,
,,,,,,
,,,,,,
,,,,,,
,,,,,,
,,,,,,
,,,,,,
,,,,,,
,,,,,,
,,,,,,
,,,,,,
,,,,,,
,,,,,,
,,,,,,
,,,,,,
,,,,,,
,,,,,,
,,,,,,
,,,,,,
,,,,,,
,,,,,,
,,,,,,
,,,,,,
,,,,,,
,,,,,,
,,,,,,
,,,,,,
,,,,,,
,,,,,,
,,,,,,
,,,,,,
,,,,,,
,,,,,,
,,,,,,
,,,,,,
,,,,,,
,,,,,,
,,,,,,
,,,,,,
,,,,,,
,,,,,,
,,,,,,
,,,,,,
,,,,,,
,,,,,,
,,,,,,
,,,,,,
,,,,,,
,,,,,,
,,,,,,
,,,,,,
,,,,,,
,,,,,,
,,,,,,
,,,,,,
,,,,,,
,,,,,,
,,,,,,
,,,,,,
,,,,,,
,,,,,,
,,,,,,
,,,,,,
,,,,,,
,,,,,,
,,,,,,
,,,,,,
,,,,,,
,,,,,,
,,,,,,
,,,,,,
,,,,,,
,,,,,,
,,,,,,
,,,,,,
,,,,,,
,,,,,,
,,,,,,
,,,,,,
,,,,,,
,,,,,,
,,,,,,
,,,,,,
,,,,,,
,,,,,,
,,,,,,
,,,,,,
,,,,,,
,,,,,,
,,,,,,
,,,,,,
,,,,,,
,,,,,,
,,,,,,
,,,,,,
,,,,,,
,,,,,,
,,,,,,
,,,,,,
,,,,,,
,,,,,,
,,,,,,
,,,,,,
,,,,,,
,,,,,,
,,,,,,
,,,,,,
,,,,,,
,,,,,,
,,,,,,
,,,,,,
,,,,,,
,,,,,,
,,,,,,
,,,,,,
,,,,,,
,,,,,,
,,,,,,
,,,,,,
,,,,,,
,,,,,,
,,,,,,
,,,,,,
,,,,,,
,,,,,,
,,,,,,
,,,,,,
,,,,,,
,,,,,,
,,,,,,
,,,,,,
,,,,,,
,,,,,,
,,,,,,
,,,,,,
,,,,,,
,,,,,,
,,,,,,
,,,,,,
,,,,,,
,,,,,,
,,,,,,
,,,,,,
,,,,,,
,,,,,,
,,,,,,
,,,,,,
,,,,,,
,,,,,,
,,,,,,
,,,,,,
,,,,,,
,,,,,,
,,,,,,
,,,,,,
,,,,,,
,,,,,,
,,,,,,
,,,,,,
,,,,,,
,,,,,,
,,,,,,
,,,,,,
,,,,,,
,,,,,,
,,,,,,
,,,,,,
,,,,,,
,,,,,,
,,,,,,
,,,,,,
,,,,,,
,,,,,,
,,,,,,
,,,,,,
,,,,,,
,,,,,,
,,,,,,
,,,,,,
,,,,,,
,,,,,,
,,,,,,
,,,,,,
,,,,,,
,,,,,,
,,,,,,
,,,,,,
,,,,,,
,,,,,,
,,,,,,
,,,,,,
,,,,,,
,,,,,,
,,,,,,
,,,,,,
,,,,,,
,,,,,,
,,,,,,
,,,,,,
,,,,,,
,,,,,,
,,,,,,
,,,,,,
,,,,,,
,,,,,,
,,,,,,
,,,,,,
,,,,,,
,,,,,,
,,,,,,
,,,,,,
,,,,,,
,,,,,,
,,,,,,
,,,,,,
,,,,,,
,,,,,,
,,,,,,
,,,,,,
,,,,,,
,,,,,,
,,,,,,
,,,,,,
,,,,,,
,,,,,,
,,,,,,
,,,,,,
,,,,,,
,,,,,,
,,,,,,
,,,,,,
,,,,,,
,,,,,,
,,,,,,
,,,,,,
,,,,,,
,,,,,,
,,,,,,
,,,,,,
,,,,,,
,,,,,,
,,,,,,
,,,,,,
,,,,,,
,,,,,,
,,,,,,
,,,,,,
,,,,,,
,,,,,,
,,,,,,
,,,,,,
,,,,,,
,,,,,,
,,,,,,
,,,,,,
,,,,,,
,,,,,,
,,,,,,
,,,,,,
,,,,,,
,,,,,,
,,,,,,
,,,,,,
,,,,,,
,,,,,,
,,,,,,
,,,,,,
,,,,,,
,,,,,,
,,,,,,
,,,,,,
,,,,,,
,,,,,,
,,,,,,
,,,,,,
,,,,,,
,,,,,,